budget_payment_plan_type_id,budget_payment_plan_type_value,attr_type_def_id
9135405885013495342,Stepped budget payment plan,9135405885013495341
9135405885013495343,Graduated budget payment plan,9135405885013495341
9135405885013495344,Budget billing plan,9135405885013495341
9135405885013495342,Stepped budget payment plan,9135405885013495341
9135405885013495343,Graduated budget payment plan,9135405885013495341
9135405885013495344,Budget billing plan,9135405885013495341
9135405885013495342,Stepped budget payment plan,9135405885013495341
9135405885013495343,Graduated budget payment plan,9135405885013495341
9135405885013495344,Budget billing plan,9135405885013495341
9135405885013495342,Stepped budget payment plan,9135405885013495341
9135405885013495343,Graduated budget payment plan,9135405885013495341
9135405885013495344,Budget billing plan,9135405885013495341
9135405885013495342,Stepped budget payment plan,9135405885013495341
9135405885013495343,Graduated budget payment plan,9135405885013495341
9135405885013495344,Budget billing plan,9135405885013495341
9135405885013495342,Stepped budget payment plan,9135405885013495341
9135405885013495343,Graduated budget payment plan,9135405885013495341
9135405885013495344,Budget billing plan,9135405885013495341
9135405885013495342,Stepped budget payment plan,9135405885013495341
9135405885013495343,Graduated budget payment plan,9135405885013495341
9135405885013495344,Budget billing plan,9135405885013495341
9135405885013495342,Stepped budget payment plan,9135405885013495341
9135405885013495343,Graduated budget payment plan,9135405885013495341
9135405885013495344,Budget billing plan,9135405885013495341
9135405885013495342,Stepped budget payment plan,9135405885013495341
9135405885013495343,Graduated budget payment plan,9135405885013495341
9135405885013495344,Budget billing plan,9135405885013495341
9135405885013495342,Stepped budget payment plan,9135405885013495341
9135405885013495343,Graduated budget payment plan,9135405885013495341
9135405885013495344,Budget billing plan,9135405885013495341
9135405885013495342,Stepped budget payment plan,9135405885013495341
9135405885013495343,Graduated budget payment plan,9135405885013495341
9135405885013495344,Budget billing plan,9135405885013495341
9135405885013495342,Stepped budget payment plan,9135405885013495341
9135405885013495343,Graduated budget payment plan,9135405885013495341
9135405885013495344,Budget billing plan,9135405885013495341
9135405885013495342,Stepped budget payment plan,9135405885013495341
9135405885013495343,Graduated budget payment plan,9135405885013495341
9135405885013495344,Budget billing plan,9135405885013495341
9135405885013495342,Stepped budget payment plan,9135405885013495341
9135405885013495343,Graduated budget payment plan,9135405885013495341
9135405885013495344,Budget billing plan,9135405885013495341
9135405885013495342,Stepped budget payment plan,9135405885013495341
9135405885013495343,Graduated budget payment plan,9135405885013495341
9135405885013495344,Budget billing plan,9135405885013495341
9135405885013495342,Stepped budget payment plan,9135405885013495341
9135405885013495343,Graduated budget payment plan,9135405885013495341
9135405885013495344,Budget billing plan,9135405885013495341
9135405885013495342,Stepped budget payment plan,9135405885013495341
9135405885013495343,Graduated budget payment plan,9135405885013495341
9135405885013495344,Budget billing plan,9135405885013495341
9135405885013495342,Stepped budget payment plan,9135405885013495341
9135405885013495343,Graduated budget payment plan,9135405885013495341
9135405885013495344,Budget billing plan,9135405885013495341
9135405885013495342,Stepped budget payment plan,9135405885013495341
9135405885013495343,Graduated budget payment plan,9135405885013495341
9135405885013495344,Budget billing plan,9135405885013495341
