customer_ref,customer_id,account_num,billing_account_id,subs_id,bpi_id,subs_status_id,subs_status_value,billing_status_id,billing_status_value,customer_category_id,customer_category_value,actual_start_date,actual_end_date,location_id,sequence_number,otc_sequence_number,last_sales_order_id,shop_id,processed_when_date,is_inflight,initiating_system_id,initiating_system_value,distribution_channel_id,distribution_channel_value,bpi_discount_mrc,bpi_tax_mrc,bpi_total_mrc,bpi_mrc,recurrent_basic_total_discount,recurrent_basic_total_price,productoffering_template_id,productoffering_template_name,productoffering_id,productoffering_name,productoffering_weight,productoffering_bil_spec_id,productoffering_bil_spec_value,productoffering_type_id,productoffering_type_value,external_id,parent_id,ocs_subscriber_id,cash_balance_id,ocs_subscription_id,tariff_plan_id,tariff_plan_name,status_change_reason,sms_allowance,voice_allowance,data_allowance,extraction_timestamp,date,history_date
1000163933,9158904100513910319,2000163934,9158904113913911555,9158904124713913613,9158904124713913613,9132857804713527191,6#009B00$Active,NULL,NULL,9145846203913115265,Consumer,2020-11-23 10:07:16,NULL,NULL,NULL,NULL,9158904101813910319,NULL,2020-11-23 10:07:20,No,9153817101813286625,SSP,9157882873313995000,App,5.00,0.00,10.00,10.00,5.00,10.00,9157989469565553884,Mobile Prepaid Plan Template,6610000001,VF Red - S Subscription,2,NULL,NULL,9125737315713245976,Product Offering,NULL,9158904102513910319,NULL,NULL,672b73db-06f4-4e65-9538-088c19934efd,6610000001,VF Red - S Subscription,NULL,NULL,NULL,NULL,2020-12-03 10:46:45,2020-12-03,2020-12-03-10-46-45
1000163932,9158904106013910319,2000163933,9158904114913911453,9158904129313914223,9158904129313914223,9132857804713527191,6#009B00$Active,NULL,NULL,9145846203913115265,Consumer,2020-11-23 10:07:32,NULL,NULL,NULL,NULL,9158904105213910319,NULL,2020-11-23 10:07:35,No,9153817101813286625,SSP,9157882873313995000,App,5.00,0.00,10.00,10.00,5.00,10.00,9157989469565553884,Mobile Prepaid Plan Template,6610000001,VF Red - S Subscription,2,NULL,NULL,9125737315713245976,Product Offering,NULL,9158904108013910319,NULL,NULL,edd78322-44a0-4473-8f10-dae5dbd55d41,6610000001,VF Red - S Subscription,NULL,NULL,NULL,NULL,2020-12-03 10:46:45,2020-12-03,2020-12-03-10-46-45
1000163942,9158904122313916998,2000163943,9158904131513917862,9158904133713918892,9158904133713918892,9132857804713527191,6#009B00$Active,NULL,NULL,9145846203913115265,Consumer,2020-11-23 10:10:15,NULL,NULL,NULL,NULL,9158904124513916998,NULL,2020-11-23 10:10:18,No,9153817101813286625,SSP,9157882873313995000,App,0.00,0.00,0.00,0.00,0.00,0.00,9157989469565553884,Mobile Prepaid Plan Template,6610000000,VF Blue PAYG,1,NULL,NULL,9125737315713245976,Product Offering,NULL,9158904124313916998,NULL,NULL,NULL,6610000000,VF Blue PAYG,NULL,NULL,NULL,NULL,2020-12-03 10:46:45,2020-12-03,2020-12-03-10-46-45
1000163938,9158904127613915957,2000163938,9158904122413916897,9158904137313918063,9158904137313918063,9132857804713527191,6#009B00$Active,NULL,NULL,9145846203913115265,Consumer,2020-11-23 10:09:56,NULL,NULL,NULL,NULL,9158904125813915957,NULL,2020-11-23 10:10:04,No,9153817101813286625,SSP,9157882873313995000,App,10.00,0.00,20.00,20.00,10.00,20.00,9157989469565553884,Mobile Prepaid Plan Template,6610000002,VF Red - L Subscription,3,NULL,NULL,9125737315713245976,Product Offering,NULL,9158904129613915957,NULL,NULL,bbcf5fd3-9b81-45bd-8ebe-919a400b59ec,6610000002,VF Red - L Subscription,NULL,NULL,NULL,NULL,2020-12-03 10:46:45,2020-12-03,2020-12-03-10-46-45
1000163944,9158904140313921235,2000163944,9158904149213922789,9158904153713923760,9158904153713923760,9132857804713527191,6#009B00$Active,NULL,NULL,9145846203913115265,Consumer,2020-11-23 10:13:11,NULL,NULL,NULL,NULL,9158904148613921237,NULL,2020-11-23 10:13:20,No,9153817101813286625,SSP,9157882873313995000,App,10.00,0.00,20.00,20.00,10.00,20.00,9157989469565553884,Mobile Prepaid Plan Template,6610000002,VF Red - L Subscription,3,NULL,NULL,9125737315713245976,Product Offering,NULL,9158904149313921235,NULL,NULL,798e5d14-7b3c-4178-81f3-60451f1bcbff,6610000002,VF Red - L Subscription,NULL,NULL,NULL,NULL,2020-12-03 10:46:45,2020-12-03,2020-12-03-10-46-45
1000163955,9158904167513929378,2000163955,9158904172213930100,9158904170613932852,9158904170613932852,9132857804713527191,6#009B00$Active,9141504170013676277,Active,9145846203913115265,Consumer,2020-11-23 10:16:29,NULL,NULL,1,NULL,9158904166613929378,NULL,2020-11-23 10:16:36,No,9153817101813286625,SSP,9157882873313995000,App,0.00,0.00,10.00,10.00,0.00,10.00,9158199561265939859,Mobile Postpaid Plan Template,7610000000,VF Red - M,1,9158199402565849119,Mobile Postpaid Plan,9125737315713245976,Product Offering,NULL,9158904169513929378,500000000003,NULL,5e3aa391-b629-4f45-8a04-d7d0f27a58c4,7610000000,VF Red - M,NULL,NULL,NULL,NULL,2020-12-03 10:46:45,2020-12-03,2020-12-03-10-46-45
1000163951,9158904160913928040,2000163951,9158904163313928962,9158904171713930507,9158904171713930507,9132857804713527191,6#009B00$Active,9141504170013676277,Active,9145846203913115265,Consumer,2020-11-23 10:15:41,NULL,NULL,1,NULL,9158904161113928140,NULL,2020-11-23 10:15:51,No,9153817101813286625,SSP,9157882873313995000,App,0.00,0.00,10.00,10.00,0.00,10.00,9158199561265939859,Mobile Postpaid Plan Template,7610000000,VF Red - M,1,9158199402565849119,Mobile Postpaid Plan,9125737315713245976,Product Offering,NULL,9158904162913928040,NULL,NULL,adff10b9-4359-461b-81aa-fb4056c58bde,7610000000,VF Red - M,NULL,NULL,NULL,NULL,2020-12-03 10:46:45,2020-12-03,2020-12-03-10-46-45
1000164011,9158904931613977309,2000164012,9158904934713977499,9158904941913978167,9158904941913978167,9132857804713527191,6#009B00$Active,9141504170013676277,Active,9145846203913115265,Consumer,2020-11-23 12:25:19,NULL,NULL,1,NULL,9158904937613977309,NULL,2020-11-23 12:25:23,No,9153817101813286625,SSP,9157882873313995000,App,0.00,0.00,10.00,10.00,0.00,10.00,9158199561265939859,Mobile Postpaid Plan Template,7610000000,VF Red - M,1,9158199402565849119,Mobile Postpaid Plan,9125737315713245976,Product Offering,NULL,9158904933613977309,500000000001,NULL,e86c12e9-8848-4b72-8612-70283f01bb53,7610000000,VF Red - M,NULL,NULL,NULL,NULL,2020-12-03 10:46:45,2020-12-03,2020-12-03-10-46-45
1000164021,9158905342113987127,2000164022,9158905368913987307,9158905367913988084,9158905367913988084,9132857804713527191,6#009B00$Active,NULL,NULL,9145846203913115265,Consumer,2020-11-23 13:35:25,NULL,NULL,NULL,NULL,9158905348113987127,NULL,2020-11-23 13:35:30,No,9153817101813286625,SSP,9157882873313995000,App,5.00,0.00,11.00,10.00,5.00,11.00,9157989469565553884,Mobile Prepaid Plan Template,6610000001,VF Red - S Subscription,2,NULL,NULL,9125737315713245976,Product Offering,NULL,9158905344113987127,NULL,NULL,223d6ebf-3cbf-4bea-9c6f-c80327c32b00,6610000001,VF Red - S Subscription,NULL,NULL,NULL,NULL,2020-12-03 10:46:45,2020-12-03,2020-12-03-10-46-45
1000164026,9158905429013991702,2000164027,9158905429813991884,9158905432513992473,9158905432513992473,9132857804713527191,6#009B00$Active,NULL,NULL,9145846203913115265,Consumer,2020-11-23 13:47:53,NULL,NULL,NULL,NULL,9158905425113991702,NULL,2020-11-23 13:47:56,No,9153817101813286625,SSP,9157882873313995000,App,5.00,0.00,10.00,10.00,5.00,10.00,9157989469565553884,Mobile Prepaid Plan Template,6610000001,VF Red - S Subscription,2,NULL,NULL,9125737315713245976,Product Offering,NULL,9158905421113991702,NULL,NULL,32bb80fd-fed6-4aa6-9c91-fa06d5265013,6610000001,VF Red - S Subscription,NULL,NULL,NULL,NULL,2020-12-03 10:46:45,2020-12-03,2020-12-03-10-46-45
1000164129,9159017050313238500,2000164129,9159017061313238637,9159017077713239113,9159017077713239113,9132857804713527191,6#009B00$Active,9141504170013676277,Active,9145846203913115265,Consumer,2020-12-06 11:52:44,NULL,NULL,1,NULL,9159017056313238500,NULL,2020-12-06 11:52:55,No,9153817101813286625,SSP,9157882873313995000,App,0.00,0.00,10.00,10.00,0.00,10.00,9158199561265939859,Mobile Postpaid Plan Template,7610000000,VF Red - M,1,9158199402565849119,Mobile Postpaid Plan,9125737315713245976,Product Offering,NULL,9159017052313238500,500000000000,NULL,4dbd343f-e1d5-46d5-8457-53320df820fe,7610000000,VF Red - M,NULL,NULL,NULL,NULL,2020-12-03 10:46:45,2020-12-03,2020-12-03-10-46-45
1000164171,9159025817513411128,2000164152,9159025811613411266,9159025822513411501,9159025822513411501,9132857804713527191,6#009B00$Active,9141504170013676277,Active,9145846203913115265,Consumer,2020-12-07 12:10:51,NULL,NULL,1,NULL,9159025813613411128,NULL,2020-12-07 12:10:56,No,9153817101813286625,SSP,9157882873313995000,App,0.00,0.00,10.00,10.00,0.00,10.00,9158199561265939859,Mobile Postpaid Plan Template,7610000000,VF Red - M,1,9158199402565849119,Mobile Postpaid Plan,9125737315713245976,Product Offering,NULL,9159025819513411128,500000000004,NULL,f19a7125-2532-42ad-8ce1-69115c513f12,7610000000,VF Red - M,NULL,NULL,NULL,NULL,2020-12-03 10:46:45,2020-12-03,2020-12-03-10-46-45
1000164176,9159026204513421687,2000164169,9159026228613421785,9159026233313422037,9159026233313422037,9132857804713527191,6#009B00$Active,9141504170013676277,Active,9145846203913115265,Consumer,2020-12-07 13:19:15,NULL,NULL,1,NULL,9159026200613421687,NULL,2020-12-07 13:19:18,No,9153817101813286625,SSP,9157882873313995000,App,0.00,0.00,10.00,10.00,0.00,10.00,9158199561265939859,Mobile Postpaid Plan Template,7610000000,VF Red - M,1,9158199402565849119,Mobile Postpaid Plan,9125737315713245976,Product Offering,NULL,9159026206513421687,500000000005,NULL,b8704152-0791-457c-baf5-37ff37629512,7610000000,VF Red - M,NULL,NULL,NULL,NULL,2020-12-03 10:46:45,2020-12-03,2020-12-03-10-46-45
1000164187,9159027246413435576,2000164176,9159027266813435651,9159027270813435910,9159027270813435910,9132857804713527191,6#009B00$Active,NULL,NULL,9145846203913115265,Consumer,2020-12-07 16:12:24,NULL,NULL,NULL,NULL,9159027242513435576,NULL,2020-12-07 16:12:36,No,9153817101813286625,SSP,9157882873313995000,App,5.00,0.00,19.00,10.00,5.00,19.00,9157989469565553884,Mobile Prepaid Plan Template,6610000001,VF Red - S Subscription,2,NULL,NULL,9125737315713245976,Product Offering,NULL,9159027248413435576,NULL,NULL,10b641fb-b085-496a-b634-d4d0c434be32,6610000001,VF Red - S Subscription,NULL,NULL,NULL,NULL,2020-12-03 10:46:45,2020-12-03,2020-12-03-10-46-45
1000164188,9159027343613438008,2000164177,9159027340013438286,9159027353713438547,9159027353713438547,9132857804713527191,6#009B00$Active,NULL,NULL,9145846203913115265,Consumer,2020-12-07 16:26:20,NULL,NULL,NULL,NULL,9159027349613438008,NULL,2020-12-07 16:26:27,No,9153817101813286625,SSP,9157882873313995000,App,5.00,0.00,19.00,10.00,5.00,19.00,9157989469565553884,Mobile Prepaid Plan Template,6610000001,VF Red - S Subscription,2,NULL,NULL,9125737315713245976,Product Offering,NULL,9159027345613438008,NULL,NULL,5d3c51e8-a062-418d-bb98-aceeef231368,6610000001,VF Red - S Subscription,NULL,NULL,NULL,NULL,2020-12-03 10:46:45,2020-12-03,2020-12-03-10-46-45
1000163930,9158904105913910219,2000163930,9158904113413911022,9158904120513913104,9158904120513913104,9132857804713527191,6#009B00$Active,NULL,NULL,9145846203913115265,Consumer,2020-11-23 10:07:11,NULL,NULL,NULL,NULL,9158904102013910319,NULL,2020-11-23 10:07:19,No,9153817101813286625,SSP,9157882873313995000,App,10.00,0.00,20.00,20.00,10.00,20.00,9157989469565553884,Mobile Prepaid Plan Template,6610000002,VF Red - L Subscription,3,NULL,NULL,9125737315713245976,Product Offering,NULL,9158904107913910219,NULL,NULL,6a7267e0-8644-4eae-b7b0-0b79f0e34576,6610000002,VF Red - L Subscription,NULL,NULL,NULL,NULL,2020-12-03 10:46:45,2020-12-03,2020-12-03-10-46-45
1000163935,9158904102613910434,2000163935,9158904115213911857,9158904121913914732,9158904121913914732,9132857804713527191,6#009B00$Active,NULL,NULL,9145846203913115265,Consumer,2020-11-23 10:07:30,NULL,NULL,NULL,NULL,9158904102813910434,NULL,2020-11-23 10:07:36,No,9153817101813286625,SSP,9157882873313995000,App,10.00,0.00,20.00,20.00,10.00,20.00,9157989469565553884,Mobile Prepaid Plan Template,6610000002,VF Red - L Subscription,3,NULL,NULL,9125737315713245976,Product Offering,NULL,9158904104613910434,NULL,NULL,8a110d55-f5b0-4d4d-86be-6aada8ec804b,6610000002,VF Red - L Subscription,NULL,NULL,NULL,NULL,2020-12-03 10:46:45,2020-12-03,2020-12-03-10-46-45
1000163948,9158904149713922894,2000163948,9158904151113924368,9158904166413927015,9158904166413927015,9132857804713527191,6#009B00$Active,NULL,NULL,9145846203913115265,Consumer,2020-11-23 10:13:59,NULL,NULL,NULL,NULL,9158904141913922894,NULL,2020-11-23 10:14:05,No,9153817101813286625,SSP,9157882873313995000,App,10.00,0.00,20.00,20.00,10.00,20.00,9157989469565553884,Mobile Prepaid Plan Template,6610000002,VF Red - L Subscription,3,NULL,NULL,9125737315713245976,Product Offering,NULL,9158904141813922894,NULL,NULL,ea28b511-fb1b-4e25-92c6-001c4847793e,6610000002,VF Red - L Subscription,NULL,NULL,NULL,NULL,2020-12-03 10:46:45,2020-12-03,2020-12-03-10-46-45
1000163952,9158904164813928556,2000163952,9158904162913929177,9158904176613930913,9158904176613930913,9132857804713527197,6#646464$Disconnected,9141504170013676280,Terminated,9145846203913115265,Consumer,2020-11-23 10:15:49,2020-11-24 11:40:42,NULL,1,NULL,9158913296613131131,NULL,NULL,No,9148223396313661753,Order Entry,9157883031613995002,Contact Center,0.00,0.00,0.00,0.00,0.00,0.00,9158199561265939859,Mobile Postpaid Plan Template,7610000000,VF Red - M,1,9158199402565849119,Mobile Postpaid Plan,9125737315713245976,Product Offering,NULL,9158904164913928556,NULL,NULL,e66a8607-cf52-440f-bf87-3e42ee477961,7610000000,VF Red - M,Deceased,NULL,NULL,NULL,2020-12-03 10:46:45,2020-12-03,2020-12-03-10-46-45
1000163993,9158904223613942614,2000163993,9158904227113943797,9158904231513946987,9158904231513946987,9132857804713527193,6#0033CC$Suspended,NULL,NULL,9145846203913115265,Consumer,2020-11-23 10:26:51,NULL,NULL,NULL,NULL,9158904243813949949,NULL,2020-11-23 10:27:46,No,9153817101813286625,SSP,9157882873313995000,App,0.00,0.00,0.00,0.00,0.00,0.00,9157989469565553884,Mobile Prepaid Plan Template,6610000000,VF Blue PAYG,1,NULL,NULL,9125737315713245976,Product Offering,NULL,9158904229613942614,NULL,NULL,NULL,6610000000,VF Blue PAYG,NULL,NULL,NULL,NULL,2020-12-03 10:46:45,2020-12-03,2020-12-03-10-46-45
1000163998,9158904262513953716,2000163998,9158904287613953854,9158904281913954192,9158904281913954192,9132857804713527191,6#009B00$Active,9141504170013676277,Active,9145846203913115265,Consumer,2020-11-23 10:35:11,NULL,NULL,1,NULL,9158904356213956093,NULL,2020-11-23 10:48:12,No,9148223396313661753,Order Entry,9157883031613995002,Contact Center,10.00,0.00,10.00,10.00,10.00,10.00,9158199561265939859,Mobile Postpaid Plan Template,7610000000,VF Red - M,1,9158199402565849119,Mobile Postpaid Plan,9125737315713245976,Product Offering,NULL,9158904284513953731,NULL,NULL,176103a5-88d9-4a1a-95b4-d011ebc0f732,7610000000,VF Red - M,NULL,NULL,NULL,NULL,2020-12-03 10:46:45,2020-12-03,2020-12-03-10-46-45
1000164003,9158904498813959640,2000164003,9158904509913959791,9158904517813960045,9158904517813960045,9132857804713527191,6#009B00$Active,NULL,NULL,9145846203913115265,Consumer,2020-11-23 11:12:51,NULL,NULL,NULL,NULL,9158904494913959640,NULL,2020-11-23 11:12:53,No,9153817101813286625,SSP,9157882873313995000,App,0.00,0.00,0.00,0.00,0.00,0.00,9157989469565553884,Mobile Prepaid Plan Template,6610000000,VF Blue PAYG,1,NULL,NULL,9125737315713245976,Product Offering,NULL,9158904490913959640,NULL,NULL,NULL,6610000000,VF Blue PAYG,NULL,NULL,NULL,NULL,2020-12-03 10:46:45,2020-12-03,2020-12-03-10-46-45
1000164028,9158905492513996433,2000164029,9158905510613996532,9158905526513996800,9158905526513996800,9132857804713527191,6#009B00$Active,9141504170013676277,Active,9145846203913115265,Consumer,2020-11-23 14:00:50,NULL,NULL,1,NULL,9158905498513996433,NULL,2020-11-23 14:00:58,No,9153817101813286625,SSP,9157883031613995002,Contact Center,0.00,0.00,10.00,10.00,0.00,10.00,9158199561265939859,Mobile Postpaid Plan Template,7610000000,VF Red - M,1,9158199402565849119,Mobile Postpaid Plan,9125737315713245976,Product Offering,NULL,9158905494513996433,NULL,NULL,61dfb879-dba6-4ca9-bb7b-1694c7ed6f80,7610000000,VF Red - M,NULL,NULL,NULL,NULL,2020-12-03 10:46:45,2020-12-03,2020-12-03-10-46-45
1000164031,9158905556313000787,2000164033,9158905566813001552,9158905571913002621,9158905571913002621,9132857804713527191,6#009B00$Active,NULL,NULL,9145846203913115265,Consumer,2020-11-23 14:09:05,NULL,NULL,NULL,NULL,9158905553413000787,NULL,2020-11-23 14:09:07,No,9153817101813286625,SSP,9157883031613995002,Contact Center,5.00,0.00,10.00,10.00,5.00,10.00,9157989469565553884,Mobile Prepaid Plan Template,6610000001,VF Red - S Subscription,2,NULL,NULL,9125737315713245976,Product Offering,NULL,9158905559313000787,NULL,NULL,afc69841-c157-4d42-a596-62b22f47a330,6610000001,VF Red - S Subscription,NULL,NULL,NULL,NULL,2020-12-03 10:46:45,2020-12-03,2020-12-03-10-46-45
1000163976,9158904219413939938,2000163976,9158904210013940464,9158906523013081713,9158906523013081713,9132857804713527191,6#009B00$Active,9141504170013676277,Active,9145846203913115265,Consumer,2020-11-23 17:09:13,NULL,NULL,1,NULL,9158906505013081454,NULL,2020-11-23 17:09:21,No,9148223396313661753,Order Entry,9157882873313995000,App,0.00,0.00,10.00,10.00,0.00,10.00,9158199561265939859,Mobile Postpaid Plan Template,7610000000,VF Red - M,1,9158199402565849119,Mobile Postpaid Plan,9125737315713245976,Product Offering,NULL,9158904211513939938,NULL,NULL,030a03a5-06b9-4d2c-9950-b4f1a715e59b,7610000000,VF Red - M,NULL,NULL,NULL,NULL,2020-12-03 10:46:45,2020-12-03,2020-12-03-10-46-45
1000163976,9158904219413939938,2000164068,9158906909013102123,9158906908213102465,9158906908213102465,9132857804713527191,6#009B00$Active,NULL,NULL,9145846203913115265,Consumer,2020-11-23 18:03:32,NULL,NULL,NULL,NULL,9158906890413091813,NULL,2020-11-23 18:03:39,No,9148223396313661753,Order Entry,9157882873313995000,App,5.00,0.00,10.00,10.00,5.00,10.00,9157989469565553884,Mobile Prepaid Plan Template,6610000001,VF Red - S Subscription,2,NULL,NULL,9125737315713245976,Product Offering,NULL,9158904211513939938,NULL,NULL,6e643d18-7715-4d94-9dab-cc219881e04f,6610000001,VF Red - S Subscription,NULL,NULL,NULL,NULL,2020-12-03 10:46:45,2020-12-03,2020-12-03-10-46-45
1000164190,9159027466213444199,2000164179,9159027493613444219,9159027493513444571,9159027493513444571,9132857804713527191,6#009B00$Active,NULL,NULL,9145846203913115265,Consumer,2020-12-07 16:50:07,NULL,NULL,NULL,NULL,9159027462313444199,NULL,2020-12-07 16:50:17,No,9153817101813286625,SSP,9157882873313995000,App,5.00,0.00,10.00,10.00,5.00,10.00,9157989469565553884,Mobile Prepaid Plan Template,6610000001,VF Red - S Subscription,2,NULL,NULL,9125737315713245976,Product Offering,NULL,9159027468213444199,NULL,NULL,2c14b840-2fd9-49b4-93e8-4717b657aa0f,6610000001,VF Red - S Subscription,NULL,NULL,NULL,NULL,2020-12-03 10:46:45,2020-12-03,2020-12-03-10-46-45
1000164191,9159027540513447849,2000164180,9159027575613447953,9159027585013448204,9159027585013448204,9132857804713527197,6#646464$Disconnected,NULL,NULL,9145846203913115265,Consumer,2020-12-07 17:04:05,2020-12-07 17:05:04,NULL,NULL,NULL,9159027580713448756,NULL,NULL,No,9153817101813286625,SSP,9157882873313995000,App,0.00,0.00,0.00,0.00,0.00,0.00,9157989469565553884,Mobile Prepaid Plan Template,6610000000,VF Blue PAYG,1,NULL,NULL,9125737315713245976,Product Offering,NULL,9159027542513447849,NULL,NULL,NULL,6610000000,VF Blue PAYG,Liquidation,NULL,NULL,NULL,2020-12-03 10:46:45,2020-12-03,2020-12-03-10-46-45
1000163934,9158904100713910434,2000163932,9158904111113911553,9158904110413912486,9158904110413912486,9132857804713527191,6#009B00$Active,NULL,NULL,9145846203913115265,Consumer,2020-11-23 10:06:58,NULL,NULL,NULL,NULL,9158904109913910438,NULL,2020-11-23 10:07:03,No,9153817101813286625,SSP,9157882873313995000,App,0.00,0.00,0.00,0.00,0.00,0.00,9157989469565553884,Mobile Prepaid Plan Template,6610000000,VF Blue PAYG,1,NULL,NULL,9125737315713245976,Product Offering,NULL,9158904102713910434,NULL,NULL,NULL,6610000000,VF Blue PAYG,NULL,NULL,NULL,NULL,2020-12-03 10:46:45,2020-12-03,2020-12-03-10-46-45
1000163940,9158904129313916579,2000163940,9158904130313917351,9158904141013920624,9158904141013920624,9132857804713527191,6#009B00$Active,NULL,NULL,9145846203913115265,Consumer,2020-11-23 10:10:49,NULL,NULL,NULL,NULL,9158904120513916579,NULL,2020-11-23 10:10:55,No,9153817101813286625,SSP,9157882873313995000,App,5.00,0.00,10.00,10.00,5.00,10.00,9157989469565553884,Mobile Prepaid Plan Template,6610000001,VF Red - S Subscription,2,NULL,NULL,9125737315713245976,Product Offering,NULL,9158904124413916579,NULL,NULL,bd2663ca-608d-44a5-9c9f-e7d93f72f600,6610000001,VF Red - S Subscription,NULL,NULL,NULL,NULL,2020-12-03 10:46:45,2020-12-03,2020-12-03-10-46-45
1000163991,9158904222313942614,2000163991,9158904228413943386,9158904232313945356,9158904232313945356,9132857804713527193,6#0033CC$Suspended,NULL,NULL,9145846203913115265,Consumer,2020-11-23 10:26:26,NULL,NULL,NULL,NULL,9158904243713948415,NULL,2020-11-23 10:27:21,No,9153817101813286625,SSP,9157882873313995000,App,0.00,0.00,0.00,0.00,0.00,0.00,9157989469565553884,Mobile Prepaid Plan Template,6610000002,VF Red - L Subscription,3,NULL,NULL,9125737315713245976,Product Offering,NULL,9158904224313942614,NULL,NULL,7780e85d-8114-42fa-92cd-794c6c0c1e9f,6610000002,VF Red - L Subscription,NULL,NULL,NULL,NULL,2020-12-03 10:46:45,2020-12-03,2020-12-03-10-46-45
1000163992,9158904222613942614,2000163992,9158904224813943488,9158904233213946272,9158904233213946272,9132857804713527193,6#0033CC$Suspended,NULL,NULL,9145846203913115265,Consumer,2020-11-23 10:26:40,NULL,NULL,NULL,NULL,9158904243913949336,NULL,2020-11-23 10:27:35,No,9153817101813286625,SSP,9157882873313995000,App,0.00,0.00,0.00,0.00,0.00,0.00,9157989469565553884,Mobile Prepaid Plan Template,6610000001,VF Red - S Subscription,2,NULL,NULL,9125737315713245976,Product Offering,NULL,9158904225613942614,NULL,NULL,b898a481-c1ff-4fcd-9f5e-bb993c29f262,6610000001,VF Red - S Subscription,NULL,NULL,NULL,NULL,2020-12-03 10:46:45,2020-12-03,2020-12-03-10-46-45
1000164005,9158904548813962621,2000164006,9158904563513963402,9158904563813963630,9158904563813963630,9132857804713527197,6#646464$Disconnected,NULL,NULL,9145846203913115265,Consumer,2020-11-23 11:21:32,2020-11-23 11:23:39,NULL,NULL,NULL,9158904576513964560,NULL,2020-11-23 11:23:44,No,9148223396313661753,Order Entry,9157882873313995000,App,0.00,0.00,0.00,0.00,0.00,0.00,9157989469565553884,Mobile Prepaid Plan Template,6610000001,VF Red - S Subscription,2,NULL,NULL,9125737315713245976,Product Offering,NULL,9158904540913962621,NULL,NULL,a6c2c202-1b0d-455b-bfc1-cc3826a182d1,6610000001,VF Red - S Subscription,Fraud,NULL,NULL,NULL,2020-12-03 10:46:45,2020-12-03,2020-12-03-10-46-45
1000164007,9158904575213964560,2000164007,9158904575613964797,9158904586613965539,9158904586613965539,9132857804713527191,6#009B00$Active,9141504170013676277,Active,9145846203913115265,Consumer,2020-11-23 11:24:37,NULL,NULL,1,NULL,9158904572313964560,NULL,2020-11-23 11:24:41,No,9153817101813286625,SSP,9157882873313995000,App,0.00,0.00,10.00,10.00,0.00,10.00,9158199561265939859,Mobile Postpaid Plan Template,7610000000,VF Red - M,1,9158199402565849119,Mobile Postpaid Plan,9125737315713245976,Product Offering,NULL,9158904577213964560,NULL,NULL,2b5ad34a-3ce8-46fd-92cd-724883382fae,7610000000,VF Red - M,NULL,NULL,NULL,NULL,2020-12-03 10:46:45,2020-12-03,2020-12-03-10-46-45
1000164009,9158904716913970611,2000164010,9158904753013970916,9158904754313971170,9158904754313971170,9132857804713527191,6#009B00$Active,NULL,NULL,9145846203913115265,Consumer,2020-11-23 11:56:01,NULL,NULL,NULL,NULL,9158904746613970700,NULL,2020-11-23 11:56:04,No,9148223396313661753,Order Entry,9157882873313995000,App,5.00,0.00,10.00,10.00,5.00,10.00,9157989469565553884,Mobile Prepaid Plan Template,6610000001,VF Red - S Subscription,2,NULL,NULL,9125737315713245976,Product Offering,NULL,9158904718913970611,NULL,NULL,4983b3b0-dbea-4de9-88d6-d33d0b8608a6,6610000001,VF Red - S Subscription,NULL,NULL,NULL,NULL,2020-12-03 10:46:45,2020-12-03,2020-12-03-10-46-45
1000164009,9158904716913970611,2000164014,9158905191413980359,9158905201913980606,9158905201913980606,9132857804713527191,6#009B00$Active,9141504170013676277,Active,9145846203913115265,Consumer,2020-11-23 13:07:46,NULL,NULL,1,NULL,9158905145113980258,NULL,2020-11-23 13:07:54,No,9148223396313661753,Order Entry,9157882873313995000,App,0.00,0.00,10.00,10.00,0.00,10.00,9158199561265939859,Mobile Postpaid Plan Template,7610000000,VF Red - M,1,9158199402565849119,Mobile Postpaid Plan,9125737315713245976,Product Offering,NULL,9158904718913970611,NULL,NULL,785f5763-c6b7-45ca-9283-6b3bd6d4a9ff,7610000000,VF Red - M,NULL,NULL,NULL,NULL,2020-12-03 10:46:45,2020-12-03,2020-12-03-10-46-45
1000164029,9158905534213998159,2000164030,9158905546413998648,9158905552313999509,9158905552313999509,9132857804713527191,6#009B00$Active,NULL,NULL,9145846203913115265,Consumer,2020-11-23 14:05:44,NULL,NULL,NULL,NULL,9158905562513001861,NULL,2020-11-23 14:08:19,No,9153817101813286625,SSP,9157882873313995000,App,0.00,0.00,11.00,10.00,0.00,11.00,9157989469565553884,Mobile Prepaid Plan Template,6610000001,VF Red - S Subscription,2,NULL,NULL,9125737315713245976,Product Offering,NULL,9158905536213998159,NULL,NULL,1b2788db-fcb1-4ad9-be0a-32190a4642f1,6610000001,VF Red - S Subscription,NULL,NULL,NULL,NULL,2020-12-03 10:46:45,2020-12-03,2020-12-03-10-46-45
1000164111,9158914888013150002,2000164108,9158921401113168793,9158921415013169017,9158921415013169017,9132857804713527191,6#009B00$Active,9141504170013676277,Active,9145846203913115265,Consumer,2020-11-25 10:12:09,NULL,NULL,1,NULL,9158921347213168680,NULL,2020-11-25 10:12:11,No,9148223396313661753,Order Entry,9157883031613995002,Contact Center,0.00,0.00,10.00,10.00,0.00,10.00,9158199561265939859,Mobile Postpaid Plan Template,7610000000,VF Red - M,1,9158199402565849119,Mobile Postpaid Plan,9125737315713245976,Product Offering,NULL,9158914889013150002,NULL,NULL,b7f5b767-c80f-4802-aa4e-8eeddd3d8e13,7610000000,VF Red - M,NULL,NULL,NULL,NULL,2020-12-03 10:46:45,2020-12-03,2020-12-03-10-46-45
1000164170,9159025780013409628,2000164151,9159025791113409754,9159025801013410015,9159025801013410015,9132857804713527191,6#009B00$Active,9141504170013676277,Active,9145846203913115265,Consumer,2020-12-07 12:07:31,NULL,NULL,1,NULL,9159025786013409628,NULL,2020-12-07 12:07:36,No,9153817101813286625,SSP,9157882873313995000,App,0.00,0.00,10.00,10.00,0.00,10.00,9158199561265939859,Mobile Postpaid Plan Template,7610000000,VF Red - M,1,9158199402565849119,Mobile Postpaid Plan,9125737315713245976,Product Offering,NULL,9159025782013409628,NULL,NULL,91b49411-9592-4b9b-99bb-45f8a55f29a9,7610000000,VF Red - M,NULL,NULL,NULL,NULL,2020-12-03 10:46:45,2020-12-03,2020-12-03-10-46-45
1000164184,9159027022213430660,2000164174,9159027041213430861,9159027056013431105,9159027056013431105,9132857804713527191,6#009B00$Active,NULL,NULL,9145846203913115265,Consumer,2020-12-07 15:35:47,NULL,NULL,NULL,NULL,9159027061213432416,NULL,2020-12-07 15:37:53,No,9153817101813286625,SSP,9157882873313995000,App,5.00,0.00,10.00,10.00,5.00,10.00,9157989469565553884,Mobile Prepaid Plan Template,6610000001,VF Red - S Subscription,2,NULL,NULL,9125737315713245976,Product Offering,NULL,9159027024213430660,NULL,NULL,129b5888-5df5-4ac0-8f41-0974aded8256,6610000001,VF Red - S Subscription,NULL,NULL,NULL,NULL,2020-12-03 10:46:45,2020-12-03,2020-12-03-10-46-45
1000164186,9159027196413433136,2000164175,9159027209013433327,9159027213113433713,9159027213113433713,9132857804713527191,6#009B00$Active,NULL,NULL,9145846203913115265,Consumer,2020-12-07 16:02:27,NULL,NULL,NULL,NULL,9159027192513433136,NULL,2020-12-07 16:02:43,No,9153817101813286625,SSP,9157882873313995000,App,5.00,0.00,19.00,10.00,5.00,19.00,9157989469565553884,Mobile Prepaid Plan Template,6610000001,VF Red - S Subscription,2,NULL,NULL,9125737315713245976,Product Offering,NULL,9159027198413433136,NULL,NULL,3361b824-c7ae-47d4-a595-f2d41207d257,6610000001,VF Red - S Subscription,NULL,NULL,NULL,NULL,2020-12-03 10:46:45,2020-12-03,2020-12-03-10-46-45
1000164189,9159027429113440539,2000164178,9159027438613440727,9159027438813441289,9159027438813441289,9132857804713527191,6#009B00$Active,NULL,NULL,9145846203913115265,Consumer,2020-12-07 16:40:08,NULL,NULL,NULL,NULL,9159027425213440539,NULL,2020-12-07 16:40:31,No,9153817101813286625,SSP,9157882873313995000,App,5.00,0.00,10.00,10.00,5.00,10.00,9157989469565553884,Mobile Prepaid Plan Template,6610000001,VF Red - S Subscription,2,NULL,NULL,9125737315713245976,Product Offering,NULL,9159027421213440539,NULL,NULL,d98deb8e-2a2a-4fcb-bb6c-3ab6fe726adc,6610000001,VF Red - S Subscription,NULL,NULL,NULL,NULL,2020-12-03 10:46:45,2020-12-03,2020-12-03-10-46-45
1000163929,9158904063513909825,2000163929,9158904090713909911,9158904091613910297,9158904091613910297,9132857804713527191,6#009B00$Active,9141504170013676277,Active,9145846203913115265,Consumer,2020-11-23 10:12:42,NULL,NULL,1,NULL,9158904069513909825,NULL,2020-11-23 10:12:50,No,9153817101813286625,SSP,9157882873313995000,App,0.00,0.00,10.00,10.00,0.00,10.00,9158199561265939859,Mobile Postpaid Plan Template,7610000000,VF Red - M,1,9158199402565849119,Mobile Postpaid Plan,9125737315713245976,Product Offering,NULL,9158904065513909825,NULL,NULL,c71e480a-3f7a-49f4-9756-2e4361ce2f23,7610000000,VF Red - M,NULL,NULL,NULL,NULL,2020-12-03 10:46:45,2020-12-03,2020-12-03-10-46-45
1000163941,9158904121313916787,2000163941,9158904138413917557,9158904145013919403,9158904145013919403,9132857804713527191,6#009B00$Active,NULL,NULL,9145846203913115265,Consumer,2020-11-23 10:10:24,NULL,NULL,NULL,NULL,9158904127313916787,NULL,2020-11-23 10:10:28,No,9153817101813286625,SSP,9157882873313995000,App,5.00,0.00,10.00,10.00,5.00,10.00,9157989469565553884,Mobile Prepaid Plan Template,6610000001,VF Red - S Subscription,2,NULL,NULL,9125737315713245976,Product Offering,NULL,9158904123313916787,NULL,NULL,3d773fdc-1112-4c56-8eeb-4ad8f55a28ae,6610000001,VF Red - S Subscription,NULL,NULL,NULL,NULL,2020-12-03 10:46:45,2020-12-03,2020-12-03-10-46-45
1000163939,9158904127313916579,2000163939,9158904133013917243,9158904149813920017,9158904149813920017,9132857804713527191,6#009B00$Active,NULL,NULL,9145846203913115265,Consumer,2020-11-23 10:10:46,NULL,NULL,NULL,NULL,9158904129413916579,NULL,2020-11-23 10:10:51,No,9153817101813286625,SSP,9157882873313995000,App,0.00,0.00,0.00,0.00,0.00,0.00,9157989469565553884,Mobile Prepaid Plan Template,6610000000,VF Blue PAYG,1,NULL,NULL,9125737315713245976,Product Offering,NULL,9158904120413916579,NULL,NULL,NULL,6610000000,VF Blue PAYG,NULL,NULL,NULL,NULL,2020-12-03 10:46:45,2020-12-03,2020-12-03-10-46-45
1000163943,9158904126813916787,2000163942,9158904134313917862,9158904149813921032,9158904149813921032,9132857804713527191,6#009B00$Active,NULL,NULL,9145846203913115265,Consumer,2020-11-23 10:11:01,NULL,NULL,NULL,NULL,9158904128013916887,NULL,2020-11-23 10:11:09,No,9153817101813286625,SSP,9157882873313995000,App,10.00,0.00,20.00,20.00,10.00,20.00,9157989469565553884,Mobile Prepaid Plan Template,6610000002,VF Red - L Subscription,3,NULL,NULL,9125737315713245976,Product Offering,NULL,9158904128813916787,NULL,NULL,bc170458-07a2-4979-bc59-5e035dd8e04a,6610000002,VF Red - L Subscription,NULL,NULL,NULL,NULL,2020-12-03 10:46:45,2020-12-03,2020-12-03-10-46-45
1000163949,9158904153913923007,2000163949,9158904156613924980,9158904167713926511,9158904167713926511,9132857804713527191,6#009B00$Active,NULL,NULL,9145846203913115265,Consumer,2020-11-23 10:13:49,NULL,NULL,NULL,NULL,9158904159913923007,NULL,2020-11-23 10:13:53,No,9153817101813286625,SSP,9157882873313995000,App,0.00,0.00,0.00,0.00,0.00,0.00,9157989469565553884,Mobile Prepaid Plan Template,6610000000,VF Blue PAYG,1,NULL,NULL,9125737315713245976,Product Offering,NULL,9158904155913923007,NULL,NULL,NULL,6610000000,VF Blue PAYG,NULL,NULL,NULL,NULL,2020-12-03 10:46:45,2020-12-03,2020-12-03-10-46-45
1000163956,9158904179013934073,2000163956,9158904184513934808,9158904184213935671,9158904184213935671,9132857804713527191,6#009B00$Active,9141504170013676277,Active,9145846203913115265,Consumer,2020-11-23 10:18:31,NULL,NULL,1,NULL,9158904171313934076,NULL,2020-11-23 10:18:40,No,9153817101813286625,SSP,9157882873313995000,App,0.00,0.00,10.00,10.00,0.00,10.00,9158199561265939859,Mobile Postpaid Plan Template,7610000000,VF Red - M,1,9158199402565849119,Mobile Postpaid Plan,9125737315713245976,Product Offering,NULL,9158904172113934076,NULL,NULL,b03e6671-c009-444c-ac10-f3a168363793,7610000000,VF Red - M,NULL,NULL,NULL,NULL,2020-12-03 10:46:45,2020-12-03,2020-12-03-10-46-45
1000163996,9158904240913950566,2000163996,9158904248313951395,9158904252813951745,9158904252813951745,9132857804713527191,6#009B00$Active,9141504170013676277,Active,9145846203913115265,Consumer,2020-11-23 10:29:23,NULL,NULL,1,NULL,9159017087213240278,NULL,2020-12-06 12:04:34,No,9148223396313661753,Order Entry,9157882873313995000,App,0.00,0.00,10.00,10.00,0.00,10.00,9158199561265939859,Mobile Postpaid Plan Template,7610000000,VF Red - M,1,9158199402565849119,Mobile Postpaid Plan,9125737315713245976,Product Offering,NULL,9158904242913950566,NULL,NULL,429b46e0-2efe-4000-a85a-348dd5df4764,7610000000,VF Red - M,NULL,NULL,NULL,NULL,2020-12-03 10:46:45,2020-12-03,2020-12-03-10-46-45
1000163997,9158904240913951183,2000163997,9158904259713951531,9158904258713952263,9158904258713952263,9132857804713527193,6#0033CC$Suspended,NULL,NULL,9145846203913115265,Consumer,2020-11-23 10:29:36,NULL,NULL,NULL,NULL,9158904262113953403,NULL,2020-11-23 10:30:17,No,9153817101813286625,SSP,9157882873313995000,App,0.00,0.00,0.00,0.00,0.00,0.00,9157989469565553884,Mobile Prepaid Plan Template,6610000000,VF Blue PAYG,1,NULL,NULL,9125737315713245976,Product Offering,NULL,9158904242913951183,NULL,NULL,NULL,6610000000,VF Blue PAYG,NULL,NULL,NULL,NULL,2020-12-03 10:46:45,2020-12-03,2020-12-03-10-46-45
1000164005,9158904548813962621,2000164009,9158904697913969140,9158904691313969472,9158904691313969472,9132857804713527197,6#646464$Disconnected,9141504170013676280,Terminated,9145846203913115265,Consumer,2020-11-23 11:44:20,2020-11-23 11:45:04,NULL,1,NULL,9158904703513970165,NULL,2020-11-23 11:45:12,No,9148223396313661753,Order Entry,9157882873313995000,App,0.00,0.00,0.00,0.00,0.00,0.00,9158199561265939859,Mobile Postpaid Plan Template,7610000000,VF Red - M,1,9158199402565849119,Mobile Postpaid Plan,9125737315713245976,Product Offering,NULL,9158904540913962621,NULL,NULL,89be4cad-3c29-42e8-977b-feda598d6df7,7610000000,VF Red - M,Fraud,NULL,NULL,NULL,2020-12-03 10:46:45,2020-12-03,2020-12-03-10-46-45
1000164010,9158904774313972303,2000164011,9158904771213973681,9158904781713974142,9158904781713974142,9132857804713527191,6#009B00$Active,9141504170013676277,Active,9145846203913115265,Consumer,2020-11-23 11:57:56,NULL,NULL,1,NULL,9158904770413972303,NULL,2020-11-23 11:57:58,No,9153817101813286625,SSP,9157882873313995000,App,0.00,0.00,10.00,10.00,0.00,10.00,9158199561265939859,Mobile Postpaid Plan Template,7610000000,VF Red - M,1,9158199402565849119,Mobile Postpaid Plan,9125737315713245976,Product Offering,NULL,9158904776313972303,NULL,NULL,3a977c7b-30fe-4d9b-8089-19cf6fdf9f43,7610000000,VF Red - M,NULL,NULL,NULL,NULL,2020-12-03 10:46:45,2020-12-03,2020-12-03-10-46-45
1000164013,9158905237813981911,2000164015,9158905238913982050,9158905247513982517,9158905247513982517,9132857804713527197,6#646464$Disconnected,9141504170013676280,Terminated,9145846203913115265,Consumer,2020-11-23 13:14:15,2020-12-06 11:46:05,NULL,1,NULL,9159017034313237301,NULL,2020-12-06 11:46:15,No,9148223396313661753,Order Entry,9157882873313995000,App,0.00,0.00,0.00,0.00,0.00,0.00,9158199561265939859,Mobile Postpaid Plan Template,7610000000,VF Red - M,1,9158199402565849119,Mobile Postpaid Plan,9125737315713245976,Product Offering,NULL,9158905239813981911,NULL,NULL,2ceb7aa4-e26f-4d49-a93a-b1fcc7fade24,7610000000,VF Red - M,Travel abroad,NULL,NULL,NULL,2020-12-03 10:46:45,2020-12-03,2020-12-03-10-46-45
1000164027,9158905456613993330,2000164028,9158905457213994178,9158905469513994641,9158905469513994641,9132857804713527191,6#009B00$Active,9141504170013676277,Active,9145846203913115265,Consumer,2020-11-23 13:51:27,NULL,NULL,1,NULL,9158905673513007360,NULL,2020-11-23 14:27:56,No,9148223396313661753,Order Entry,9157883031613995002,Contact Center,0.00,0.00,10.00,10.00,0.00,10.00,9158199561265939859,Mobile Postpaid Plan Template,7610000000,VF Red - M,1,9158199402565849119,Mobile Postpaid Plan,9125737315713245976,Product Offering,NULL,9158905458613993330,NULL,NULL,0ee13287-f8c8-4b8e-9350-1f857c40c21a,7610000000,VF Red - M,NULL,NULL,NULL,NULL,2020-12-03 10:46:45,2020-12-03,2020-12-03-10-46-45
1000163951,9158904160913928040,2000164042,9158905729813013099,9158905748713024328,9158905748713024328,9132857804713527191,6#009B00$Active,NULL,NULL,9145846203913115265,Consumer,2020-11-23 14:37:39,NULL,NULL,NULL,NULL,9158905724313011902,NULL,2020-11-23 14:37:46,No,9148223396313661753,Order Entry,9157882873313995000,App,0.00,0.00,0.00,0.00,0.00,0.00,9157989469565553884,Mobile Prepaid Plan Template,6610000000,VF Blue PAYG,1,NULL,NULL,9125737315713245976,Product Offering,NULL,9158904162913928040,NULL,NULL,NULL,6610000000,VF Blue PAYG,NULL,NULL,NULL,NULL,2020-12-03 10:46:45,2020-12-03,2020-12-03-10-46-45
1000164128,9159016325113234120,2000164128,9159016448113234285,9159016473013235510,9159016473013235510,9132857804713527191,6#009B00$Active,9141504170013676277,Active,9145846203913115265,Consumer,2020-12-06 10:12:26,NULL,NULL,3,NULL,9159016461513235220,NULL,2020-12-06 10:12:33,No,9153817101813286625,SSP,9157882873313995000,App,0.00,0.00,10.00,10.00,0.00,10.00,9158199561265939859,Mobile Postpaid Plan Template,7610000000,VF Red - M,1,9158199402565849119,Mobile Postpaid Plan,9125737315713245976,Product Offering,NULL,9159016327113234120,600000000006,NULL,220f3f0a-a796-45da-98d0-b5570b09ffc0,7610000000,VF Red - M,NULL,NULL,NULL,NULL,2020-12-03 10:46:45,2020-12-03,2020-12-03-10-46-45
1000164169,9159024956013404600,2000164150,9159025068913404871,9159025071113405927,9159025071113405927,9132857804713527191,6#009B00$Active,9141504170013676277,Active,9145846203913115265,Consumer,2020-12-07 10:05:57,NULL,NULL,1,NULL,9159024957113404600,NULL,2020-12-07 10:06:00,No,9153817101813286625,SSP,9157882873313995000,App,0.00,0.00,10.00,10.00,0.00,10.00,9158199561265939859,Mobile Postpaid Plan Template,7610000000,VF Red - M,1,9158199402565849119,Mobile Postpaid Plan,9125737315713245976,Product Offering,NULL,9159024958013404600,NULL,NULL,54d19e86-6112-418b-bb57-fbfa6e0db85b,7610000000,VF Red - M,NULL,NULL,NULL,NULL,2020-12-03 10:46:45,2020-12-03,2020-12-03-10-46-45
1000164171,9159025817513411128,2000164152,9159025811613411266,9159025831913413146,9159025831913413146,9132857804713527191,6#009B00$Active,9141504170013676277,Active,9145846203913115265,Consumer,2020-12-07 12:12:56,NULL,NULL,3,NULL,9159025823213412761,NULL,2020-12-07 12:12:59,No,9153817101813286625,SSP,9157882873313995000,App,0.00,0.00,10.00,10.00,0.00,10.00,9158199561265939859,Mobile Postpaid Plan Template,7610000000,VF Red - M,1,9158199402565849119,Mobile Postpaid Plan,9125737315713245976,Product Offering,NULL,9159025819513411128,NULL,NULL,4e32b991-7bf6-4cff-a421-995d42c88301,7610000000,VF Red - M,NULL,NULL,NULL,NULL,2020-12-03 10:46:45,2020-12-03,2020-12-03-10-46-45
1000164175,9159026064013419180,2000164168,9159026100213419234,9159026104813419472,9159026104813419472,9132857804713527197,6#646464$Disconnected,9141504170013676280,Terminated,9145846203913115265,Consumer,2020-12-07 12:58:17,2020-12-07 13:06:34,NULL,1,NULL,9159026156713420465,NULL,2020-12-07 13:06:39,No,9153817101813286625,SSP,9157882873313995000,App,0.00,0.00,0.00,0.00,0.00,0.00,9158199561265939859,Mobile Postpaid Plan Template,7610000000,VF Red - M,1,9158199402565849119,Mobile Postpaid Plan,9125737315713245976,Product Offering,NULL,9159026066013419180,NULL,NULL,3674c56b-3f1e-4e61-99a9-9e69913e80a9,7610000000,VF Red - M,Liquidation,NULL,NULL,NULL,2020-12-03 10:46:45,2020-12-03,2020-12-03-10-46-45
1000164177,9159026244713422941,2000164170,9159026269813423001,9159026264713423629,9159026264713423629,9132857804713527197,6#646464$Disconnected,9141504170013676280,Terminated,9145846203913115265,Consumer,2020-12-07 13:24:16,2020-12-07 13:30:03,NULL,1,NULL,9159026295413424887,NULL,2020-12-07 13:30:07,No,9153817101813286625,SSP,9157882873313995000,App,0.00,0.00,0.00,0.00,0.00,0.00,9158199561265939859,Mobile Postpaid Plan Template,7610000000,VF Red - M,1,9158199402565849119,Mobile Postpaid Plan,9125737315713245976,Product Offering,NULL,9159026246713422941,NULL,NULL,5083c699-4000-4493-91f7-f68d4820e895,7610000000,VF Red - M,Liquidation,NULL,NULL,NULL,2020-12-03 10:46:45,2020-12-03,2020-12-03-10-46-45
1000163931,9158904107513910319,2000163931,9158904113213911022,9158904111213912590,9158904111213912590,9132857804713527191,6#009B00$Active,NULL,NULL,9145846203913115265,Consumer,2020-11-23 10:06:59,NULL,NULL,NULL,NULL,9158904105813910319,NULL,2020-11-23 10:07:05,No,9153817101813286625,SSP,9157882873313995000,App,0.00,0.00,0.00,0.00,0.00,0.00,9157989469565553884,Mobile Prepaid Plan Template,6610000000,VF Blue PAYG,1,NULL,NULL,9125737315713245976,Product Offering,NULL,9158904109513910319,NULL,NULL,NULL,6610000000,VF Blue PAYG,NULL,NULL,NULL,NULL,2020-12-03 10:46:45,2020-12-03,2020-12-03-10-46-45
1000163945,9158904141813921751,2000163945,9158904152913922904,9158904153013924570,9158904153013924570,9132857804713527191,6#009B00$Active,NULL,NULL,9145846203913115265,Consumer,2020-11-23 10:13:25,NULL,NULL,NULL,NULL,9158904148113921851,NULL,2020-11-23 10:13:30,No,9153817101813286625,SSP,9157882873313995000,App,5.00,0.00,10.00,10.00,5.00,10.00,9157989469565553884,Mobile Prepaid Plan Template,6610000001,VF Red - S Subscription,2,NULL,NULL,9125737315713245976,Product Offering,NULL,9158904145813921751,NULL,NULL,a28b77ab-07bc-4fb9-b968-d48444ba6176,6610000001,VF Red - S Subscription,NULL,NULL,NULL,NULL,2020-12-03 10:46:45,2020-12-03,2020-12-03-10-46-45
1000163946,9158904143613922062,2000163946,9158904152313923215,9158904159313925487,9158904159313925487,9132857804713527191,6#009B00$Active,NULL,NULL,9145846203913115265,Consumer,2020-11-23 10:13:38,NULL,NULL,NULL,NULL,9158904144813922062,NULL,2020-11-23 10:13:43,No,9153817101813286625,SSP,9157882873313995000,App,0.00,0.00,0.00,0.00,0.00,0.00,9157989469565553884,Mobile Prepaid Plan Template,6610000000,VF Blue PAYG,1,NULL,NULL,9125737315713245976,Product Offering,NULL,9158904145613922062,NULL,NULL,NULL,6610000000,VF Blue PAYG,NULL,NULL,NULL,NULL,2020-12-03 10:46:45,2020-12-03,2020-12-03-10-46-45
1000163950,9158904169813927733,2000163950,9158904167613928656,9158904164613930099,9158904164613930099,9132857804713527197,6#646464$Disconnected,9141504170013676280,Terminated,9145846203913115265,Consumer,2020-11-23 10:15:32,2020-11-24 12:14:04,NULL,1,NULL,9158913512913136779,NULL,NULL,No,9148223396313661753,Order Entry,9157883031613995002,Contact Center,0.00,0.00,0.00,0.00,0.00,0.00,9158199561265939859,Mobile Postpaid Plan Template,7610000000,VF Red - M,1,9158199402565849119,Mobile Postpaid Plan,9125737315713245976,Product Offering,NULL,9158904164913927733,NULL,NULL,073ed4cd-d614-4040-a865-aa6e41c236fa,7610000000,VF Red - M,Deceased,NULL,NULL,NULL,2020-12-03 10:46:45,2020-12-03,2020-12-03-10-46-45
1000163947,9158904145113922685,2000163947,9158904153213923962,9158904165313926408,9158904165313926408,9132857804713527191,6#009B00$Active,NULL,NULL,9145846203913115265,Consumer,2020-11-23 10:13:50,NULL,NULL,NULL,NULL,9158904141213922685,NULL,2020-11-23 10:13:54,No,9153817101813286625,SSP,9157882873313995000,App,5.00,0.00,10.00,10.00,5.00,10.00,9157989469565553884,Mobile Prepaid Plan Template,6610000001,VF Red - S Subscription,2,NULL,NULL,9125737315713245976,Product Offering,NULL,9158904147113922685,NULL,NULL,2961896d-d058-41f3-b95b-abf662f772d4,6610000001,VF Red - S Subscription,NULL,NULL,NULL,NULL,2020-12-03 10:46:45,2020-12-03,2020-12-03-10-46-45
1000163953,9158904169313929066,2000163953,9158904164513929587,9158904173413932341,9158904173413932341,9132857804713527197,6#646464$Disconnected,9141504170013676280,Terminated,9145846203913115265,Consumer,2020-11-23 10:16:12,2020-12-05 17:02:15,NULL,1,NULL,9158907796313109643,NULL,2020-12-05 17:02:32,No,9148223396313661753,Order Entry,9157883031613995002,Contact Center,0.00,0.00,0.00,0.00,0.00,0.00,9158199561265939859,Mobile Postpaid Plan Template,7610000000,VF Red - M,1,9158199402565849119,Mobile Postpaid Plan,9125737315713245976,Product Offering,NULL,9158904161413929066,NULL,NULL,60677da3-245d-46fa-9a3f-12573b996a50,7610000000,VF Red - M,Liquidation,NULL,NULL,NULL,2020-12-03 10:46:45,2020-12-03,2020-12-03-10-46-45
1000163954,9158904162913929072,2000163954,9158904169513929895,9158904177813932545,9158904177813932545,9132857804713527193,6#0033CC$Suspended,9141504170013676278,Suspended,9145846203913115265,Consumer,2020-11-23 10:16:26,NULL,NULL,1,NULL,9158907086013106666,NULL,2020-11-23 18:24:49,No,9148223396313661753,Order Entry,9157882873313995000,App,0.00,0.00,0.00,0.00,0.00,0.00,9158199561265939859,Mobile Postpaid Plan Template,7610000000,VF Red - M,1,9158199402565849119,Mobile Postpaid Plan,9125737315713245976,Product Offering,NULL,9158904164913929072,NULL,NULL,ef641878-4e77-46d8-a12d-bdd193e91555,7610000000,VF Red - M,NULL,NULL,NULL,NULL,2020-12-03 10:46:45,2020-12-03,2020-12-03-10-46-45
1000163994,9158904229813942614,2000163994,9158904223313943898,9158904231913945663,9158904231913945663,9132857804713527193,6#0033CC$Suspended,NULL,NULL,9145846203913115265,Consumer,2020-11-23 10:26:31,NULL,NULL,NULL,NULL,9158904246613948822,NULL,2020-11-23 10:27:24,No,9153817101813286625,SSP,9157882873313995000,App,0.00,0.00,0.00,0.00,0.00,0.00,9157989469565553884,Mobile Prepaid Plan Template,6610000001,VF Red - S Subscription,2,NULL,NULL,9125737315713245976,Product Offering,NULL,9158904221913942614,NULL,NULL,464657a7-7d92-42f8-b6a7-666b39cd881c,6610000001,VF Red - S Subscription,NULL,NULL,NULL,NULL,2020-12-03 10:46:45,2020-12-03,2020-12-03-10-46-45
1000163990,9158904220813942614,2000163990,9158904221913943061,9158904232213944232,9158904232213944232,9132857804713527193,6#0033CC$Suspended,9141504170013676278,Suspended,9145846203913115265,Consumer,2020-11-23 10:26:05,NULL,NULL,1,NULL,9158904239513947089,NULL,2020-11-23 10:27:02,No,9153817101813286625,SSP,9157882873313995000,App,0.00,0.00,0.00,0.00,0.00,0.00,9158199561265939859,Mobile Postpaid Plan Template,7610000000,VF Red - M,1,9158199402565849119,Mobile Postpaid Plan,9125737315713245976,Product Offering,NULL,9158904222813942614,NULL,NULL,89f9c20c-c0ea-4aad-b6ae-4e749f224292,7610000000,VF Red - M,NULL,NULL,NULL,NULL,2020-12-03 10:46:45,2020-12-03,2020-12-03-10-46-45
1000163995,9158904228013943381,2000163995,9158904237313944744,9158904242813948007,9158904242813948007,9132857804713527193,6#0033CC$Suspended,NULL,NULL,9145846203913115265,Consumer,2020-11-23 10:27:17,NULL,NULL,NULL,NULL,9158904246313950666,NULL,2020-11-23 10:28:09,No,9153817101813286625,SSP,9157882873313995000,App,0.00,0.00,0.00,0.00,0.00,0.00,9157989469565553884,Mobile Prepaid Plan Template,6610000002,VF Red - L Subscription,3,NULL,NULL,9125737315713245976,Product Offering,NULL,9158904220113943381,NULL,NULL,b65c8c88-e943-445c-967f-90749f2b25e4,6610000002,VF Red - L Subscription,NULL,NULL,NULL,NULL,2020-12-03 10:46:45,2020-12-03,2020-12-03-10-46-45
1000164000,9158904360013956493,2000164000,9158904385113956547,9158904392013956905,9158904392013956905,9132857804713527191,6#009B00$Active,9141504170013676277,Active,9145846203913115265,Consumer,2020-11-23 10:52:10,NULL,NULL,1,NULL,9158904366013956493,NULL,2020-11-23 10:52:13,No,9153817101813286625,SSP,9157882873313995000,App,0.00,0.00,10.00,10.00,0.00,10.00,9158199561265939859,Mobile Postpaid Plan Template,7610000000,VF Red - M,1,9158199402565849119,Mobile Postpaid Plan,9125737315713245976,Product Offering,NULL,9158904362013956493,NULL,NULL,33ec209c-a4e1-4c7d-964d-5fc4c1e06568,7610000000,VF Red - M,NULL,NULL,NULL,NULL,2020-12-03 10:46:45,2020-12-03,2020-12-03-10-46-45
1000164004,9158904523613961125,2000164004,9158904526713961261,9158904535713961536,9158904535713961536,9132857804713527191,6#009B00$Active,9141504170013676277,Active,9145846203913115265,Consumer,2020-11-23 11:16:15,NULL,NULL,1,NULL,9158904529613961125,NULL,2020-11-23 11:16:21,No,9153817101813286625,SSP,9157882873313995000,App,0.00,0.00,10.00,10.00,0.00,10.00,9158199561265939859,Mobile Postpaid Plan Template,7610000000,VF Red - M,1,9158199402565849119,Mobile Postpaid Plan,9125737315713245976,Product Offering,NULL,9158904525613961125,NULL,NULL,06904105-987d-4a6c-9b89-05d2cde63217,7610000000,VF Red - M,NULL,NULL,NULL,NULL,2020-12-03 10:46:45,2020-12-03,2020-12-03-10-46-45
1000164018,9158905316813984741,2000164018,9158905316913984886,9158905327713985255,9158905327713985255,9132857804713527197,6#646464$Disconnected,9141504170013676280,Terminated,9145846203913115265,Consumer,2020-11-23 13:28:07,2020-12-05 17:05:08,NULL,1,NULL,9159010295813173951,NULL,2020-12-05 17:05:20,No,9148223396313661753,Order Entry,9157882873313995000,App,0.00,0.00,0.00,0.00,0.00,0.00,9158199561265939859,Mobile Postpaid Plan Template,7610000000,VF Red - M,1,9158199402565849119,Mobile Postpaid Plan,9125737315713245976,Product Offering,NULL,9158905318813984741,NULL,NULL,0c1f938e-7e4f-4134-b0ef-0b6cf02e60dc,7610000000,VF Red - M,Travel abroad,NULL,NULL,NULL,2020-12-03 10:46:45,2020-12-03,2020-12-03-10-46-45
1000164022,9158905368113987509,2000164023,9158905368613987773,9158905376513989460,9158905376513989460,9132857804713527191,6#009B00$Active,9141504170013676277,Active,9145846203913115265,Consumer,2020-11-23 13:36:28,NULL,NULL,1,NULL,9158905364213987509,NULL,2020-11-23 13:36:33,No,9153817101813286625,SSP,9157883031613995002,Contact Center,0.00,0.00,10.00,10.00,0.00,10.00,9158199561265939859,Mobile Postpaid Plan Template,7610000000,VF Red - M,1,9158199402565849119,Mobile Postpaid Plan,9125737315713245976,Product Offering,NULL,9158905360213987509,NULL,NULL,9fa75027-9aa7-491c-93aa-a3e8d5b61a34,7610000000,VF Red - M,NULL,NULL,NULL,NULL,2020-12-03 10:46:45,2020-12-03,2020-12-03-10-46-45
1000164025,9158905418513991189,2000164025,9158905412313991289,9158905456713993439,9158905456713993439,9132857804713527197,6#646464$Disconnected,NULL,NULL,9145846203913115265,Consumer,2020-11-23 13:49:25,2020-11-23 13:51:54,NULL,NULL,NULL,9158905461613994541,NULL,2020-11-23 13:55:31,No,9148223396313661753,Order Entry,9157883031613995002,Contact Center,0.00,0.00,0.00,0.00,0.00,0.00,9157989469565553884,Mobile Prepaid Plan Template,6610000001,VF Red - S Subscription,2,NULL,NULL,9125737315713245976,Product Offering,NULL,9158905412613991189,NULL,NULL,63414b96-9945-4781-8679-981a2b71c0d4,6610000001,VF Red - S Subscription,Fraud,NULL,NULL,NULL,2020-12-03 10:46:45,2020-12-03,2020-12-03-10-46-45
1000164009,9158904716913970611,2000164034,9158905610313004589,9158905620513004811,9158905620513004811,9132857804713527191,6#009B00$Active,NULL,NULL,9145846203913115265,Consumer,2020-11-23 14:17:53,NULL,NULL,NULL,NULL,9158905609313004350,NULL,2020-11-23 14:17:59,No,9148223396313661753,Order Entry,9157882873313995000,App,10.00,0.00,20.00,20.00,10.00,20.00,9157989469565553884,Mobile Prepaid Plan Template,6610000002,VF Red - L Subscription,3,NULL,NULL,9125737315713245976,Product Offering,NULL,9158904718913970611,NULL,NULL,aec41ab5-2a73-46c4-bf36-56827045c587,6610000002,VF Red - L Subscription,NULL,NULL,NULL,NULL,2020-12-03 10:46:45,2020-12-03,2020-12-03-10-46-45
1000163972,9158904207313938336,2000164038,9158905685213007650,9158905699813008850,9158905699813008850,9132857804713527191,6#009B00$Active,9141504170013676277,Active,9145846203913115265,Consumer,2020-11-23 14:30:11,NULL,NULL,1,NULL,9158905667913006959,NULL,2020-11-23 14:30:26,No,9148223396313661753,Order Entry,9157882873313995000,App,0.00,0.00,10.00,10.00,0.00,10.00,9158199561265939859,Mobile Postpaid Plan Template,7610000000,VF Red - M,1,9158199402565849119,Mobile Postpaid Plan,9125737315713245976,Product Offering,NULL,9158904209313938336,NULL,NULL,23d59fac-6a64-40d4-ae69-5cd4d28cd7be,7610000000,VF Red - M,NULL,NULL,NULL,NULL,2020-12-03 10:46:45,2020-12-03,2020-12-03-10-46-45
1000164033,9158905693613008418,2000164040,9158905695213009180,9158905703813009956,9158905703813009956,9132857804713527191,6#009B00$Active,NULL,NULL,9145846203913115265,Consumer,2020-11-23 14:31:42,NULL,NULL,NULL,NULL,9158905724513012138,NULL,2020-11-23 14:34:54,No,9153817101813286625,SSP,9157882873313995000,App,0.00,0.00,11.00,10.00,0.00,11.00,9157989469565553884,Mobile Prepaid Plan Template,6610000001,VF Red - S Subscription,2,NULL,NULL,9125737315713245976,Product Offering,NULL,9158905695613008418,NULL,NULL,d1fedb4b-e296-43e4-8521-fba64b3aa605,6610000001,VF Red - S Subscription,NULL,NULL,NULL,NULL,2020-12-03 10:46:45,2020-12-03,2020-12-03-10-46-45
1000164128,9159016325113234120,2000164128,9159016448113234285,9159016456013234559,9159016456013234559,9132857804713527191,6#009B00$Active,9141504170013676277,Active,9145846203913115265,Consumer,2020-12-06 10:10:09,NULL,NULL,1,NULL,9159016321213234120,NULL,2020-12-06 10:10:22,No,9153817101813286625,SSP,9157882873313995000,App,0.00,0.00,10.00,10.00,0.00,10.00,9158199561265939859,Mobile Postpaid Plan Template,7610000000,VF Red - M,1,9158199402565849119,Mobile Postpaid Plan,9125737315713245976,Product Offering,NULL,9159016327113234120,600000000005,NULL,45cb9c99-1028-4e55-b359-9a2d1bc32c82,7610000000,VF Red - M,NULL,NULL,NULL,NULL,2020-12-03 10:46:45,2020-12-03,2020-12-03-10-46-45
1000164168,9159024955613404500,2000164149,9159025060113404754,9159025064813405198,9159025064813405198,9132857804713527197,6#646464$Disconnected,9141504170013676280,Terminated,9145846203913115265,Consumer,2020-12-07 10:05:36,2020-12-07 10:35:13,NULL,1,NULL,9159025243513408099,NULL,2020-12-07 10:35:18,No,9153817101813286625,SSP,9157882873313995000,App,0.00,0.00,0.00,0.00,0.00,0.00,9158199561265939859,Mobile Postpaid Plan Template,7610000000,VF Red - M,1,9158199402565849119,Mobile Postpaid Plan,9125737315713245976,Product Offering,NULL,9159024957613404500,NULL,NULL,8a458166-d0ee-41b3-8399-7bee94b3fda1,7610000000,VF Red - M,Liquidation,NULL,NULL,NULL,2020-12-03 10:46:45,2020-12-03,2020-12-03-10-46-45
1000164172,9159025822913412775,2000164153,9159025834713412935,9159025835413414484,9159025835413414484,9132857804713527191,6#009B00$Active,9141504170013676277,Active,9145846203913115265,Consumer,2020-12-07 12:13:41,NULL,NULL,1,NULL,9159025828913412775,NULL,2020-12-07 12:13:44,No,9153817101813286625,SSP,9157882873313995000,App,0.00,0.00,10.00,10.00,0.00,10.00,9158199561265939859,Mobile Postpaid Plan Template,7610000000,VF Red - M,1,9158199402565849119,Mobile Postpaid Plan,9125737315713245976,Product Offering,NULL,9159025824913412775,NULL,NULL,f2b9bc53-ba8c-45cf-bbd1-993c387127c0,7610000000,VF Red - M,NULL,NULL,NULL,NULL,2020-12-03 10:46:45,2020-12-03,2020-12-03-10-46-45
1000164174,9159025911313416303,2000164154,9159025925413416447,9159025920313416784,9159025920313416784,9132857804713527197,6#646464$Disconnected,9141504170013676280,Terminated,9145846203913115265,Consumer,2020-12-07 12:28:31,2020-12-07 12:39:48,NULL,1,NULL,9159025990213418074,NULL,2020-12-07 12:39:53,No,9153817101813286625,SSP,9157882873313995000,App,0.00,0.00,0.00,0.00,0.00,0.00,9158199561265939859,Mobile Postpaid Plan Template,7610000000,VF Red - M,1,9158199402565849119,Mobile Postpaid Plan,9125737315713245976,Product Offering,NULL,9159025913313416303,NULL,NULL,b72904c8-7599-4101-8f7a-2831f9239af4,7610000000,VF Red - M,Liquidation,NULL,NULL,NULL,2020-12-03 10:46:45,2020-12-03,2020-12-03-10-46-45
1000164178,9159026307213425434,2000164171,9159026336413425506,9159026330113425845,9159026330113425845,9132857804713527197,6#646464$Disconnected,9141504170013676280,Terminated,9145846203913115265,Consumer,2020-12-07 13:36:05,2020-12-07 13:48:42,NULL,1,NULL,9159026407513426620,NULL,2020-12-07 13:48:48,No,9153817101813286625,SSP,9157882873313995000,App,0.00,0.00,0.00,0.00,0.00,0.00,9158199561265939859,Mobile Postpaid Plan Template,7610000000,VF Red - M,1,9158199402565849119,Mobile Postpaid Plan,9125737315713245976,Product Offering,NULL,9159026309213425434,NULL,NULL,1033111e-770e-42ff-a038-42a80894c237,7610000000,VF Red - M,Liquidation,NULL,NULL,NULL,2020-12-03 10:46:45,2020-12-03,2020-12-03-10-46-45
1000164180,9159026597713427997,2000164172,9159026626813428088,9159026631413428359,9159026631413428359,9132857804713527191,6#009B00$Active,NULL,NULL,9145846203913115265,Consumer,2020-12-07 14:26:18,NULL,NULL,NULL,NULL,9159026593813427997,NULL,2020-12-07 14:26:22,No,9153817101813286625,SSP,9157882873313995000,App,10.00,0.00,20.00,20.00,10.00,20.00,9157989469565553884,Mobile Prepaid Plan Template,6610000002,VF Red - L Subscription,3,NULL,NULL,9125737315713245976,Product Offering,NULL,9159026599713427997,NULL,NULL,b9b613e6-423e-412d-bb03-fa4f9d5e6472,6610000002,VF Red - L Subscription,NULL,NULL,NULL,NULL,2020-12-03 10:46:45,2020-12-03,2020-12-03-10-46-45
