individual_title_id,individual_title_value,attr_type_def_id
9135198009413341623,Mr.,9134783628813339965
9135198009413341624,Dr.,9134783628813339965
9135198009413341625,Prof.,9134783628813339965
9135198009413341626,Mrs.,9134783628813339965
9135198009413341627,Ms.,9134783628813339965
9135198009413341628,Miss.,9134783628813339965
9135198009413341623,Mr.,9134783628813339965
9135198009413341624,Dr.,9134783628813339965
9135198009413341625,Prof.,9134783628813339965
9135198009413341626,Mrs.,9134783628813339965
9135198009413341627,Ms.,9134783628813339965
9135198009413341628,Miss.,9134783628813339965
9135198009413341623,Mr.,9134783628813339965
9135198009413341624,Dr.,9134783628813339965
9135198009413341625,Prof.,9134783628813339965
9135198009413341626,Mrs.,9134783628813339965
9135198009413341627,Ms.,9134783628813339965
9135198009413341628,Miss.,9134783628813339965
9135198009413341623,Mr.,9134783628813339965
9135198009413341624,Dr.,9134783628813339965
9135198009413341625,Prof.,9134783628813339965
9135198009413341626,Mrs.,9134783628813339965
9135198009413341627,Ms.,9134783628813339965
9135198009413341628,Miss.,9134783628813339965
9135198009413341623,Mr.,9134783628813339965
9135198009413341624,Dr.,9134783628813339965
9135198009413341625,Prof.,9134783628813339965
9135198009413341626,Mrs.,9134783628813339965
9135198009413341627,Ms.,9134783628813339965
9135198009413341628,Miss.,9134783628813339965
9135198009413341623,Mr.,9134783628813339965
9135198009413341624,Dr.,9134783628813339965
9135198009413341625,Prof.,9134783628813339965
9135198009413341626,Mrs.,9134783628813339965
9135198009413341627,Ms.,9134783628813339965
9135198009413341628,Miss.,9134783628813339965
9135198009413341623,Mr.,9134783628813339965
9135198009413341624,Dr.,9134783628813339965
9135198009413341625,Prof.,9134783628813339965
9135198009413341626,Mrs.,9134783628813339965
9135198009413341627,Ms.,9134783628813339965
9135198009413341628,Miss.,9134783628813339965
9135198009413341623,Mr.,9134783628813339965
9135198009413341624,Dr.,9134783628813339965
9135198009413341625,Prof.,9134783628813339965
9135198009413341626,Mrs.,9134783628813339965
9135198009413341627,Ms.,9134783628813339965
9135198009413341628,Miss.,9134783628813339965
9135198009413341623,Mr.,9134783628813339965
9135198009413341624,Dr.,9134783628813339965
9135198009413341625,Prof.,9134783628813339965
9135198009413341626,Mrs.,9134783628813339965
9135198009413341627,Ms.,9134783628813339965
9135198009413341628,Miss.,9134783628813339965
9135198009413341623,Mr.,9134783628813339965
9135198009413341624,Dr.,9134783628813339965
9135198009413341625,Prof.,9134783628813339965
9135198009413341626,Mrs.,9134783628813339965
9135198009413341627,Ms.,9134783628813339965
9135198009413341628,Miss.,9134783628813339965
9135198009413341623,Mr.,9134783628813339965
9135198009413341624,Dr.,9134783628813339965
9135198009413341625,Prof.,9134783628813339965
9135198009413341626,Mrs.,9134783628813339965
9135198009413341627,Ms.,9134783628813339965
9135198009413341628,Miss.,9134783628813339965
9135198009413341623,Mr.,9134783628813339965
9135198009413341624,Dr.,9134783628813339965
9135198009413341625,Prof.,9134783628813339965
9135198009413341626,Mrs.,9134783628813339965
9135198009413341627,Ms.,9134783628813339965
9135198009413341628,Miss.,9134783628813339965
9135198009413341623,Mr.,9134783628813339965
9135198009413341624,Dr.,9134783628813339965
9135198009413341625,Prof.,9134783628813339965
9135198009413341626,Mrs.,9134783628813339965
9135198009413341627,Ms.,9134783628813339965
9135198009413341628,Miss.,9134783628813339965
9135198009413341623,Mr.,9134783628813339965
9135198009413341624,Dr.,9134783628813339965
9135198009413341625,Prof.,9134783628813339965
9135198009413341626,Mrs.,9134783628813339965
9135198009413341627,Ms.,9134783628813339965
9135198009413341628,Miss.,9134783628813339965
9135198009413341623,Mr.,9134783628813339965
9135198009413341624,Dr.,9134783628813339965
9135198009413341625,Prof.,9134783628813339965
9135198009413341626,Mrs.,9134783628813339965
9135198009413341627,Ms.,9134783628813339965
9135198009413341628,Miss.,9134783628813339965
9135198009413341623,Mr.,9134783628813339965
9135198009413341624,Dr.,9134783628813339965
9135198009413341625,Prof.,9134783628813339965
9135198009413341626,Mrs.,9134783628813339965
9135198009413341627,Ms.,9134783628813339965
9135198009413341628,Miss.,9134783628813339965
9135198009413341623,Mr.,9134783628813339965
9135198009413341624,Dr.,9134783628813339965
9135198009413341625,Prof.,9134783628813339965
9135198009413341626,Mrs.,9134783628813339965
9135198009413341627,Ms.,9134783628813339965
9135198009413341628,Miss.,9134783628813339965
9135198009413341623,Mr.,9134783628813339965
9135198009413341624,Dr.,9134783628813339965
9135198009413341625,Prof.,9134783628813339965
9135198009413341626,Mrs.,9134783628813339965
9135198009413341627,Ms.,9134783628813339965
9135198009413341628,Miss.,9134783628813339965
9135198009413341623,Mr.,9134783628813339965
9135198009413341624,Dr.,9134783628813339965
9135198009413341625,Prof.,9134783628813339965
9135198009413341626,Mrs.,9134783628813339965
9135198009413341627,Ms.,9134783628813339965
9135198009413341628,Miss.,9134783628813339965
