event_type_id,event_attr_num,attr_name,extraction_timestamp,date,history_date
-999948,1,Charge type,2020-11-30 07:12:43,2020-11-30,2020-11-30-07-12-43
-999948,4,Charge End Date,2020-11-30 07:12:43,2020-11-30,2020-11-30-07-12-43
-999948,7,Percentage split of charge,2020-11-30 07:12:43,2020-11-30,2020-11-30-07-12-43
-999948,8,Unpackaged Price,2020-11-30 07:12:43,2020-11-30,2020-11-30-07-12-43
-999948,18,Product family,2020-11-30 07:12:43,2020-11-30,2020-11-30-07-12-43
-999948,23,Attribute5,2020-11-30 07:12:43,2020-11-30,2020-11-30-07-12-43
-999947,2,Quantity,2020-11-30 07:12:43,2020-11-30,2020-11-30-07-12-43
-999947,24,Attribute6,2020-11-30 07:12:43,2020-11-30,2020-11-30-07-12-43
-999834,2,OTC Type ID,2020-11-30 07:12:43,2020-11-30,2020-11-30-07-12-43
-999834,11,OTC Attribute 2,2020-11-30 07:12:43,2020-11-30,2020-11-30-07-12-43
-999834,13,OTC Attribute 4,2020-11-30 07:12:43,2020-11-30,2020-11-30-07-12-43
-999834,15,OTC Attribute 6,2020-11-30 07:12:43,2020-11-30,2020-11-30-07-12-43
-999834,18,OTC Attribute 9,2020-11-30 07:12:43,2020-11-30,2020-11-30-07-12-43
-999834,20,OTC Attribute 11,2020-11-30 07:12:43,2020-11-30,2020-11-30-07-12-43
-999834,21,OTC Attribute 12,2020-11-30 07:12:43,2020-11-30,2020-11-30-07-12-43
-999833,13,OTC Attribute 4,2020-11-30 07:12:43,2020-11-30,2020-11-30-07-12-43
-999833,17,OTC Attribute 8,2020-11-30 07:12:43,2020-11-30,2020-11-30-07-12-43
-999833,19,OTC Attribute 10,2020-11-30 07:12:43,2020-11-30,2020-11-30-07-12-43
-999833,20,OTC Attribute 11,2020-11-30 07:12:43,2020-11-30,2020-11-30-07-12-43
-999832,15,OTC Attribute 6,2020-11-30 07:12:43,2020-11-30,2020-11-30-07-12-43
-999832,16,OTC Attribute 7,2020-11-30 07:12:43,2020-11-30,2020-11-30-07-12-43
-999832,17,OTC Attribute 8,2020-11-30 07:12:43,2020-11-30,2020-11-30-07-12-43
-999831,1,OTC ID,2020-11-30 07:12:43,2020-11-30,2020-11-30-07-12-43
-999831,2,OTC Type ID,2020-11-30 07:12:43,2020-11-30,2020-11-30-07-12-43
-999831,5,Associated Budget Centre Name,2020-11-30 07:12:43,2020-11-30,2020-11-30-07-12-43
-999831,13,OTC Attribute 4,2020-11-30 07:12:43,2020-11-30,2020-11-30-07-12-43
-999830,1,OTC ID,2020-11-30 07:12:43,2020-11-30,2020-11-30-07-12-43
-999830,4,Associated Subscription/Product ID,2020-11-30 07:12:43,2020-11-30,2020-11-30-07-12-43
-999830,6,One Time Charge Class,2020-11-30 07:12:43,2020-11-30,2020-11-30-07-12-43
-999830,10,OTC Attribute 1,2020-11-30 07:12:43,2020-11-30,2020-11-30-07-12-43
-999830,13,OTC Attribute 4,2020-11-30 07:12:43,2020-11-30,2020-11-30-07-12-43
-999830,19,OTC Attribute 10,2020-11-30 07:12:43,2020-11-30,2020-11-30-07-12-43
-999830,21,OTC Attribute 12,2020-11-30 07:12:43,2020-11-30,2020-11-30-07-12-43
-999829,1,OTC ID,2020-11-30 07:12:43,2020-11-30,2020-11-30-07-12-43
-999829,3,Real-Time Balance indicator,2020-11-30 07:12:43,2020-11-30,2020-11-30-07-12-43
-999829,5,Associated Budget Centre Name,2020-11-30 07:12:43,2020-11-30,2020-11-30-07-12-43
-999829,17,OTC Attribute 8,2020-11-30 07:12:43,2020-11-30,2020-11-30-07-12-43
-999828,3,Real-Time Balance indicator,2020-11-30 07:12:43,2020-11-30,2020-11-30-07-12-43
-999828,18,OTC Attribute 9,2020-11-30 07:12:43,2020-11-30,2020-11-30-07-12-43
-999827,3,Real-Time Balance indicator,2020-11-30 07:12:43,2020-11-30,2020-11-30-07-12-43
-999827,5,Associated Budget Centre Name,2020-11-30 07:12:43,2020-11-30,2020-11-30-07-12-43
-999827,6,One Time Charge Class,2020-11-30 07:12:43,2020-11-30,2020-11-30-07-12-43
-999827,14,OTC Attribute 5,2020-11-30 07:12:43,2020-11-30,2020-11-30-07-12-43
-999827,16,OTC Attribute 7,2020-11-30 07:12:43,2020-11-30,2020-11-30-07-12-43
-999827,20,OTC Attribute 11,2020-11-30 07:12:43,2020-11-30,2020-11-30-07-12-43
-999827,21,OTC Attribute 12,2020-11-30 07:12:43,2020-11-30,2020-11-30-07-12-43
-999827,22,OTC Attribute 13,2020-11-30 07:12:43,2020-11-30,2020-11-30-07-12-43
-999826,12,OTC Attribute 3,2020-11-30 07:12:43,2020-11-30,2020-11-30-07-12-43
-999826,13,OTC Attribute 4,2020-11-30 07:12:43,2020-11-30,2020-11-30-07-12-43
-999826,15,OTC Attribute 6,2020-11-30 07:12:43,2020-11-30,2020-11-30-07-12-43
-999826,16,OTC Attribute 7,2020-11-30 07:12:43,2020-11-30,2020-11-30-07-12-43
-999825,3,Real-Time Balance indicator,2020-11-30 07:12:43,2020-11-30,2020-11-30-07-12-43
-999825,6,One Time Charge Class,2020-11-30 07:12:43,2020-11-30,2020-11-30-07-12-43
-999825,12,OTC Attribute 3,2020-11-30 07:12:43,2020-11-30,2020-11-30-07-12-43
-999825,14,OTC Attribute 5,2020-11-30 07:12:43,2020-11-30,2020-11-30-07-12-43
-999825,16,OTC Attribute 7,2020-11-30 07:12:43,2020-11-30,2020-11-30-07-12-43
-999825,19,OTC Attribute 10,2020-11-30 07:12:43,2020-11-30,2020-11-30-07-12-43
-999825,20,OTC Attribute 11,2020-11-30 07:12:43,2020-11-30,2020-11-30-07-12-43
-999825,24,OTC Attribute 15,2020-11-30 07:12:43,2020-11-30,2020-11-30-07-12-43
-999824,19,OTC Attribute 10,2020-11-30 07:12:43,2020-11-30,2020-11-30-07-12-43
-999823,3,Real-Time Balance indicator,2020-11-30 07:12:43,2020-11-30,2020-11-30-07-12-43
-999823,4,Associated Subscription/Product ID,2020-11-30 07:12:43,2020-11-30,2020-11-30-07-12-43
-999823,10,OTC Attribute 1,2020-11-30 07:12:43,2020-11-30,2020-11-30-07-12-43
-999823,20,OTC Attribute 11,2020-11-30 07:12:43,2020-11-30,2020-11-30-07-12-43
-999823,24,OTC Attribute 15,2020-11-30 07:12:43,2020-11-30,2020-11-30-07-12-43
-999822,1,OTC ID,2020-11-30 07:12:43,2020-11-30,2020-11-30-07-12-43
-999822,4,Associated Subscription/Product ID,2020-11-30 07:12:43,2020-11-30,2020-11-30-07-12-43
-999822,6,One Time Charge Class,2020-11-30 07:12:43,2020-11-30,2020-11-30-07-12-43
-999822,23,OTC Attribute 14,2020-11-30 07:12:43,2020-11-30,2020-11-30-07-12-43
-999821,11,OTC Attribute 2,2020-11-30 07:12:43,2020-11-30,2020-11-30-07-12-43
-999821,12,OTC Attribute 3,2020-11-30 07:12:43,2020-11-30,2020-11-30-07-12-43
-999820,11,OTC Attribute 2,2020-11-30 07:12:43,2020-11-30,2020-11-30-07-12-43
-999819,5,Associated Budget Centre Name,2020-11-30 07:12:43,2020-11-30,2020-11-30-07-12-43
-999819,11,OTC Attribute 2,2020-11-30 07:12:43,2020-11-30,2020-11-30-07-12-43
-999819,12,OTC Attribute 3,2020-11-30 07:12:43,2020-11-30,2020-11-30-07-12-43
-999819,15,OTC Attribute 6,2020-11-30 07:12:43,2020-11-30,2020-11-30-07-12-43
-999819,24,OTC Attribute 15,2020-11-30 07:12:43,2020-11-30,2020-11-30-07-12-43
-999818,4,Associated Subscription/Product ID,2020-11-30 07:12:43,2020-11-30,2020-11-30-07-12-43
-999818,11,OTC Attribute 2,2020-11-30 07:12:43,2020-11-30,2020-11-30-07-12-43
-999818,20,OTC Attribute 11,2020-11-30 07:12:43,2020-11-30,2020-11-30-07-12-43
-999817,10,OTC Attribute 1,2020-11-30 07:12:43,2020-11-30,2020-11-30-07-12-43
-999817,13,OTC Attribute 4,2020-11-30 07:12:43,2020-11-30,2020-11-30-07-12-43
-999817,14,OTC Attribute 5,2020-11-30 07:12:43,2020-11-30,2020-11-30-07-12-43
-999817,16,OTC Attribute 7,2020-11-30 07:12:43,2020-11-30,2020-11-30-07-12-43
-999817,17,OTC Attribute 8,2020-11-30 07:12:43,2020-11-30,2020-11-30-07-12-43
-999817,18,OTC Attribute 9,2020-11-30 07:12:43,2020-11-30,2020-11-30-07-12-43
-999817,19,OTC Attribute 10,2020-11-30 07:12:43,2020-11-30,2020-11-30-07-12-43
-999817,21,OTC Attribute 12,2020-11-30 07:12:43,2020-11-30,2020-11-30-07-12-43
-999817,22,OTC Attribute 13,2020-11-30 07:12:43,2020-11-30,2020-11-30-07-12-43
-999816,2,OTC Type ID,2020-11-30 07:12:43,2020-11-30,2020-11-30-07-12-43
-999816,11,OTC Attribute 2,2020-11-30 07:12:43,2020-11-30,2020-11-30-07-12-43
-999816,17,OTC Attribute 8,2020-11-30 07:12:43,2020-11-30,2020-11-30-07-12-43
-999816,18,OTC Attribute 9,2020-11-30 07:12:43,2020-11-30,2020-11-30-07-12-43
-999816,23,OTC Attribute 14,2020-11-30 07:12:43,2020-11-30,2020-11-30-07-12-43
-999815,10,Saving,2020-11-30 07:12:43,2020-11-30,2020-11-30-07-12-43
-999815,11,Product Package Instance,2020-11-30 07:12:43,2020-11-30,2020-11-30-07-12-43
-999815,14,Contract Term,2020-11-30 07:12:43,2020-11-30,2020-11-30-07-12-43
-999815,15,Contract Term Units,2020-11-30 07:12:43,2020-11-30,2020-11-30-07-12-43
-999815,16,Billing Tariff,2020-11-30 07:12:43,2020-11-30,2020-11-30-07-12-43
-999815,18,Product family,2020-11-30 07:12:43,2020-11-30,2020-11-30-07-12-43
-999815,24,Attribute 6,2020-11-30 07:12:43,2020-11-30,2020-11-30-07-12-43
-999814,2,Quantity,2020-11-30 07:12:43,2020-11-30,2020-11-30-07-12-43
-999814,8,Unpackaged Price,2020-11-30 07:12:43,2020-11-30,2020-11-30-07-12-43
-999814,25,Price before age-dependent modifier,2020-11-30 07:12:43,2020-11-30,2020-11-30-07-12-43
-999813,7,Percentage split of charge,2020-11-30 07:12:43,2020-11-30,2020-11-30-07-12-43
-999813,15,Contract Term Units,2020-11-30 07:12:43,2020-11-30,2020-11-30-07-12-43
-999813,20,Attribute 2,2020-11-30 07:12:43,2020-11-30,2020-11-30-07-12-43
-999813,22,Attribute 4,2020-11-30 07:12:43,2020-11-30,2020-11-30-07-12-43
-999813,23,Attribute 5,2020-11-30 07:12:43,2020-11-30,2020-11-30-07-12-43
-999812,2,Quantity,2020-11-30 07:12:43,2020-11-30,2020-11-30-07-12-43
-999812,8,Unpackaged Price,2020-11-30 07:12:43,2020-11-30,2020-11-30-07-12-43
-999812,15,Contract Term Units,2020-11-30 07:12:43,2020-11-30,2020-11-30-07-12-43
-999812,16,Billing Tariff,2020-11-30 07:12:43,2020-11-30,2020-11-30-07-12-43
-999812,19,Attribute 1,2020-11-30 07:12:43,2020-11-30,2020-11-30-07-12-43
-999812,24,Attribute 6,2020-11-30 07:12:43,2020-11-30,2020-11-30-07-12-43
-999811,1,Charge type,2020-11-30 07:12:43,2020-11-30,2020-11-30-07-12-43
-999811,2,Quantity,2020-11-30 07:12:43,2020-11-30,2020-11-30-07-12-43
-999811,5,Product Age (months),2020-11-30 07:12:43,2020-11-30,2020-11-30-07-12-43
-999811,8,Unpackaged Price,2020-11-30 07:12:43,2020-11-30,2020-11-30-07-12-43
-999811,12,Package Id,2020-11-30 07:12:43,2020-11-30,2020-11-30-07-12-43
-999811,20,Attribute 2,2020-11-30 07:12:43,2020-11-30,2020-11-30-07-12-43
-999811,24,Attribute 6,2020-11-30 07:12:43,2020-11-30,2020-11-30-07-12-43
-999810,5,Product Age (months),2020-11-30 07:12:43,2020-11-30,2020-11-30-07-12-43
-999810,12,Package Id,2020-11-30 07:12:43,2020-11-30,2020-11-30-07-12-43
-999810,14,Contract Term,2020-11-30 07:12:43,2020-11-30,2020-11-30-07-12-43
-999810,15,Contract Term Units,2020-11-30 07:12:43,2020-11-30,2020-11-30-07-12-43
-999810,19,Attribute 1,2020-11-30 07:12:43,2020-11-30,2020-11-30-07-12-43
-999809,3,Charge Start Date,2020-11-30 07:12:43,2020-11-30,2020-11-30-07-12-43
-999809,4,Charge End Date,2020-11-30 07:12:43,2020-11-30,2020-11-30-07-12-43
-999809,13,Contract Ref,2020-11-30 07:12:43,2020-11-30,2020-11-30-07-12-43
-999809,15,Contract Term Units,2020-11-30 07:12:43,2020-11-30,2020-11-30-07-12-43
-999809,19,Attribute 1,2020-11-30 07:12:43,2020-11-30,2020-11-30-07-12-43
-999809,23,Attribute 5,2020-11-30 07:12:43,2020-11-30,2020-11-30-07-12-43
-999808,3,Charge Start Date,2020-11-30 07:12:43,2020-11-30,2020-11-30-07-12-43
-999808,10,Saving,2020-11-30 07:12:43,2020-11-30,2020-11-30-07-12-43
-999808,14,Contract Term,2020-11-30 07:12:43,2020-11-30,2020-11-30-07-12-43
-999808,20,Attribute 2,2020-11-30 07:12:43,2020-11-30,2020-11-30-07-12-43
-999808,21,Attribute 3,2020-11-30 07:12:43,2020-11-30,2020-11-30-07-12-43
-999808,22,Attribute 4,2020-11-30 07:12:43,2020-11-30,2020-11-30-07-12-43
-999807,10,Saving,2020-11-30 07:12:43,2020-11-30,2020-11-30-07-12-43
-999807,11,Product Package Instance,2020-11-30 07:12:43,2020-11-30,2020-11-30-07-12-43
-999807,14,Contract Term,2020-11-30 07:12:43,2020-11-30,2020-11-30-07-12-43
-999806,9,Pre-Override Price,2020-11-30 07:12:43,2020-11-30,2020-11-30-07-12-43
-999806,13,Contract Ref,2020-11-30 07:12:43,2020-11-30,2020-11-30-07-12-43
-999806,14,Contract Term,2020-11-30 07:12:43,2020-11-30,2020-11-30-07-12-43
-999806,22,Attribute 4,2020-11-30 07:12:43,2020-11-30,2020-11-30-07-12-43
-999806,24,Attribute 6,2020-11-30 07:12:43,2020-11-30,2020-11-30-07-12-43
-999806,25,Price before age-dependent modifier,2020-11-30 07:12:43,2020-11-30,2020-11-30-07-12-43
-999805,4,Charge End Date,2020-11-30 07:12:43,2020-11-30,2020-11-30-07-12-43
-999805,10,Saving,2020-11-30 07:12:43,2020-11-30,2020-11-30-07-12-43
-999805,12,Package Id,2020-11-30 07:12:43,2020-11-30,2020-11-30-07-12-43
-999805,15,Contract Term Units,2020-11-30 07:12:43,2020-11-30,2020-11-30-07-12-43
-999805,18,Product family,2020-11-30 07:12:43,2020-11-30,2020-11-30-07-12-43
-999805,24,Attribute 6,2020-11-30 07:12:43,2020-11-30,2020-11-30-07-12-43
-999804,1,Charge type,2020-11-30 07:12:43,2020-11-30,2020-11-30-07-12-43
-999804,21,Attribute 3,2020-11-30 07:12:43,2020-11-30,2020-11-30-07-12-43
-999804,22,Attribute 4,2020-11-30 07:12:43,2020-11-30,2020-11-30-07-12-43
-999804,23,Attribute 5,2020-11-30 07:12:43,2020-11-30,2020-11-30-07-12-43
-999803,6,Product Charge Flag,2020-11-30 07:12:43,2020-11-30,2020-11-30-07-12-43
-999803,9,Pre-Override Price,2020-11-30 07:12:43,2020-11-30,2020-11-30-07-12-43
-999803,14,Contract Term,2020-11-30 07:12:43,2020-11-30,2020-11-30-07-12-43
-999802,13,Contract Ref,2020-11-30 07:12:43,2020-11-30,2020-11-30-07-12-43
-999802,22,Attribute 4,2020-11-30 07:12:43,2020-11-30,2020-11-30-07-12-43
-999801,7,Percentage split of charge,2020-11-30 07:12:43,2020-11-30,2020-11-30-07-12-43
-999801,8,Unpackaged Price,2020-11-30 07:12:43,2020-11-30,2020-11-30-07-12-43
-999801,13,Contract Ref,2020-11-30 07:12:43,2020-11-30,2020-11-30-07-12-43
-999801,19,Attribute 1,2020-11-30 07:12:43,2020-11-30,2020-11-30-07-12-43
-999801,22,Attribute 4,2020-11-30 07:12:43,2020-11-30,2020-11-30-07-12-43
-999800,3,Charge Start Date,2020-11-30 07:12:43,2020-11-30,2020-11-30-07-12-43
-999800,8,Unpackaged Price,2020-11-30 07:12:43,2020-11-30,2020-11-30-07-12-43
-999800,10,Saving,2020-11-30 07:12:43,2020-11-30,2020-11-30-07-12-43
-999800,11,Product Package Instance,2020-11-30 07:12:43,2020-11-30,2020-11-30-07-12-43
-999800,12,Package Id,2020-11-30 07:12:43,2020-11-30,2020-11-30-07-12-43
-999800,16,Billing Tariff,2020-11-30 07:12:43,2020-11-30,2020-11-30-07-12-43
-999799,2,Quantity,2020-11-30 07:12:43,2020-11-30,2020-11-30-07-12-43
-999799,7,Percentage split of charge,2020-11-30 07:12:43,2020-11-30,2020-11-30-07-12-43
-999799,9,Pre-Override Price,2020-11-30 07:12:43,2020-11-30,2020-11-30-07-12-43
-999799,10,Saving,2020-11-30 07:12:43,2020-11-30,2020-11-30-07-12-43
-999799,11,Product Package Instance,2020-11-30 07:12:43,2020-11-30,2020-11-30-07-12-43
-999799,23,Attribute 5,2020-11-30 07:12:43,2020-11-30,2020-11-30-07-12-43
-999799,25,Price before age-dependent modifier,2020-11-30 07:12:43,2020-11-30,2020-11-30-07-12-43
-999798,1,Charge type,2020-11-30 07:12:43,2020-11-30,2020-11-30-07-12-43
-999798,4,Charge End Date,2020-11-30 07:12:43,2020-11-30,2020-11-30-07-12-43
-999798,20,Attribute 2,2020-11-30 07:12:43,2020-11-30,2020-11-30-07-12-43
-999798,25,Price before age-dependent modifier,2020-11-30 07:12:43,2020-11-30,2020-11-30-07-12-43
-999797,8,Unpackaged Price,2020-11-30 07:12:43,2020-11-30,2020-11-30-07-12-43
-999797,15,Contract Term Units,2020-11-30 07:12:43,2020-11-30,2020-11-30-07-12-43
-999797,21,Attribute 3,2020-11-30 07:12:43,2020-11-30,2020-11-30-07-12-43
-999797,25,Price before age-dependent modifier,2020-11-30 07:12:43,2020-11-30,2020-11-30-07-12-43
-999796,2,Quantity,2020-11-30 07:12:43,2020-11-30,2020-11-30-07-12-43
-999796,4,Charge End Date,2020-11-30 07:12:43,2020-11-30,2020-11-30-07-12-43
-999796,6,Product Charge Flag,2020-11-30 07:12:43,2020-11-30,2020-11-30-07-12-43
-999796,7,Percentage split of charge,2020-11-30 07:12:43,2020-11-30,2020-11-30-07-12-43
-999796,10,Saving,2020-11-30 07:12:43,2020-11-30,2020-11-30-07-12-43
-999796,12,Package Id,2020-11-30 07:12:43,2020-11-30,2020-11-30-07-12-43
-999796,19,Attribute 1,2020-11-30 07:12:43,2020-11-30,2020-11-30-07-12-43
-999796,25,Price before age-dependent modifier,2020-11-30 07:12:43,2020-11-30,2020-11-30-07-12-43
-999795,9,Pre-Override Price,2020-11-30 07:12:43,2020-11-30,2020-11-30-07-12-43
-999795,14,Contract Term,2020-11-30 07:12:43,2020-11-30,2020-11-30-07-12-43
-999794,9,Pre-Override Price,2020-11-30 07:12:43,2020-11-30,2020-11-30-07-12-43
-999794,11,Product Package Instance,2020-11-30 07:12:43,2020-11-30,2020-11-30-07-12-43
-999794,13,Contract Ref,2020-11-30 07:12:43,2020-11-30,2020-11-30-07-12-43
-999794,14,Contract Term,2020-11-30 07:12:43,2020-11-30,2020-11-30-07-12-43
-999794,16,Billing Tariff,2020-11-30 07:12:43,2020-11-30,2020-11-30-07-12-43
-999794,19,Attribute 1,2020-11-30 07:12:43,2020-11-30,2020-11-30-07-12-43
-999794,20,Attribute 2,2020-11-30 07:12:43,2020-11-30,2020-11-30-07-12-43
-999794,22,Attribute 4,2020-11-30 07:12:43,2020-11-30,2020-11-30-07-12-43
-999793,4,Charge End Date,2020-11-30 07:12:43,2020-11-30,2020-11-30-07-12-43
-999792,4,Charge End Date,2020-11-30 07:12:43,2020-11-30,2020-11-30-07-12-43
-999792,9,Pre-Override Price,2020-11-30 07:12:43,2020-11-30,2020-11-30-07-12-43
-999792,13,Contract Ref,2020-11-30 07:12:43,2020-11-30,2020-11-30-07-12-43
-999792,20,Attribute 2,2020-11-30 07:12:43,2020-11-30,2020-11-30-07-12-43
-999792,23,Attribute 5,2020-11-30 07:12:43,2020-11-30,2020-11-30-07-12-43
-999792,24,Attribute 6,2020-11-30 07:12:43,2020-11-30,2020-11-30-07-12-43
-999791,11,Product Package Instance,2020-11-30 07:12:43,2020-11-30,2020-11-30-07-12-43
-999791,12,Package Id,2020-11-30 07:12:43,2020-11-30,2020-11-30-07-12-43
-999791,15,Contract Term Units,2020-11-30 07:12:43,2020-11-30,2020-11-30-07-12-43
-999791,16,Billing Tariff,2020-11-30 07:12:43,2020-11-30,2020-11-30-07-12-43
-999791,21,Attribute 3,2020-11-30 07:12:43,2020-11-30,2020-11-30-07-12-43
-999791,23,Attribute 5,2020-11-30 07:12:43,2020-11-30,2020-11-30-07-12-43
-999790,11,Product Package Instance,2020-11-30 07:12:43,2020-11-30,2020-11-30-07-12-43
-999790,12,Package Id,2020-11-30 07:12:43,2020-11-30,2020-11-30-07-12-43
-999790,19,Attribute 1,2020-11-30 07:12:43,2020-11-30,2020-11-30-07-12-43
-999790,20,Attribute 2,2020-11-30 07:12:43,2020-11-30,2020-11-30-07-12-43
-999789,6,Product Charge Flag,2020-11-30 07:12:43,2020-11-30,2020-11-30-07-12-43
-999789,13,Contract Ref,2020-11-30 07:12:43,2020-11-30,2020-11-30-07-12-43
-999789,18,Product family,2020-11-30 07:12:43,2020-11-30,2020-11-30-07-12-43
-999789,19,Attribute 1,2020-11-30 07:12:43,2020-11-30,2020-11-30-07-12-43
-999789,20,Attribute 2,2020-11-30 07:12:43,2020-11-30,2020-11-30-07-12-43
-999789,22,Attribute 4,2020-11-30 07:12:43,2020-11-30,2020-11-30-07-12-43
-999788,1,Charge type,2020-11-30 07:12:43,2020-11-30,2020-11-30-07-12-43
-999788,2,Quantity,2020-11-30 07:12:43,2020-11-30,2020-11-30-07-12-43
-999788,3,Charge Start Date,2020-11-30 07:12:43,2020-11-30,2020-11-30-07-12-43
-999788,6,Product Charge Flag,2020-11-30 07:12:43,2020-11-30,2020-11-30-07-12-43
-999788,23,Attribute 5,2020-11-30 07:12:43,2020-11-30,2020-11-30-07-12-43
-999788,25,Price before age-dependent modifier,2020-11-30 07:12:43,2020-11-30,2020-11-30-07-12-43
-999787,2,Quantity,2020-11-30 07:12:43,2020-11-30,2020-11-30-07-12-43
-999787,10,Saving,2020-11-30 07:12:43,2020-11-30,2020-11-30-07-12-43
-999787,18,Product family,2020-11-30 07:12:43,2020-11-30,2020-11-30-07-12-43
-999786,4,Charge End Date,2020-11-30 07:12:43,2020-11-30,2020-11-30-07-12-43
-999786,5,Product Age (months),2020-11-30 07:12:43,2020-11-30,2020-11-30-07-12-43
-999786,7,Percentage split of charge,2020-11-30 07:12:43,2020-11-30,2020-11-30-07-12-43
-999786,12,Package Id,2020-11-30 07:12:43,2020-11-30,2020-11-30-07-12-43
-999786,16,Billing Tariff,2020-11-30 07:12:43,2020-11-30,2020-11-30-07-12-43
-999786,18,Product family,2020-11-30 07:12:43,2020-11-30,2020-11-30-07-12-43
-999786,19,Attribute 1,2020-11-30 07:12:43,2020-11-30,2020-11-30-07-12-43
-999786,21,Attribute 3,2020-11-30 07:12:43,2020-11-30,2020-11-30-07-12-43
-999786,24,Attribute 6,2020-11-30 07:12:43,2020-11-30,2020-11-30-07-12-43
0,1,Charge type,2020-11-30 07:12:43,2020-11-30,2020-11-30-07-12-43
0,3,Charge start date,2020-11-30 07:12:43,2020-11-30,2020-11-30-07-12-43
0,7,Percentage split of charge,2020-11-30 07:12:43,2020-11-30,2020-11-30-07-12-43
0,12,Package id,2020-11-30 07:12:43,2020-11-30,2020-11-30-07-12-43
0,20,Attribute 2,2020-11-30 07:12:43,2020-11-30,2020-11-30-07-12-43
0,25,Price before age-dependent modifier,2020-11-30 07:12:43,2020-11-30,2020-11-30-07-12-43
1,1,Calling Number,2020-11-30 07:12:43,2020-11-30,2020-11-30-07-12-43
2,2,Called number,2020-11-30 07:12:43,2020-11-30,2020-11-30-07-12-43
2,13,Terminating Zone,2020-11-30 07:12:43,2020-11-30,2020-11-30-07-12-43
3,6,OCS Charged Amount,2020-11-30 07:12:43,2020-11-30,2020-11-30-07-12-43
3,8,Bucket Consumption amount,2020-11-30 07:12:43,2020-11-30,2020-11-30-07-12-43
3,14,Originating Country,2020-11-30 07:12:43,2020-11-30,2020-11-30-07-12-43
4,8,Bucket Consumption amount,2020-11-30 07:12:43,2020-11-30,2020-11-30-07-12-43
5,4,Direction,2020-11-30 07:12:43,2020-11-30,2020-11-30-07-12-43
5,10,Actual available bucket,2020-11-30 07:12:43,2020-11-30,2020-11-30-07-12-43
6,8,Bucket Consumption amount,2020-11-30 07:12:43,2020-11-30,2020-11-30-07-12-43
6,12,Served IMSI,2020-11-30 07:12:43,2020-11-30,2020-11-30-07-12-43
6,14,Originating Country,2020-11-30 07:12:43,2020-11-30,2020-11-30-07-12-43
7,5,Rating Group,2020-11-30 07:12:43,2020-11-30,2020-11-30-07-12-43
7,9,Consumption type,2020-11-30 07:12:43,2020-11-30,2020-11-30-07-12-43
7,12,Served IMSI,2020-11-30 07:12:43,2020-11-30,2020-11-30-07-12-43
8,2,Upload volume,2020-11-30 07:12:43,2020-11-30,2020-11-30-07-12-43
8,3,Download Volume,2020-11-30 07:12:43,2020-11-30,2020-11-30-07-12-43
8,8,Bucket Consumption amount,2020-11-30 07:12:43,2020-11-30,2020-11-30-07-12-43
8,9,Consumption type,2020-11-30 07:12:43,2020-11-30,2020-11-30-07-12-43
-999948,12,Package Id,2020-11-30 07:12:43,2020-11-30,2020-11-30-07-12-43
-999948,22,Attribute4,2020-11-30 07:12:43,2020-11-30,2020-11-30-07-12-43
-999947,1,Charge type,2020-11-30 07:12:43,2020-11-30,2020-11-30-07-12-43
-999947,4,Charge End Date,2020-11-30 07:12:43,2020-11-30,2020-11-30-07-12-43
-999947,5,Product Age (months),2020-11-30 07:12:43,2020-11-30,2020-11-30-07-12-43
-999947,6,Product Charge Flag,2020-11-30 07:12:43,2020-11-30,2020-11-30-07-12-43
-999947,10,Saving,2020-11-30 07:12:43,2020-11-30,2020-11-30-07-12-43
-999947,19,ALLOWANCE_GB,2020-11-30 07:12:43,2020-11-30,2020-11-30-07-12-43
-999947,21,ALLOWANCE_SMS,2020-11-30 07:12:43,2020-11-30,2020-11-30-07-12-43
-999947,22,ALLOWANCE_SUB_OCS_ID,2020-11-30 07:12:43,2020-11-30,2020-11-30-07-12-43
-999834,3,Real-Time Balance indicator,2020-11-30 07:12:43,2020-11-30,2020-11-30-07-12-43
-999834,10,OTC Attribute 1,2020-11-30 07:12:43,2020-11-30,2020-11-30-07-12-43
-999834,17,OTC Attribute 8,2020-11-30 07:12:43,2020-11-30,2020-11-30-07-12-43
-999833,3,Real-Time Balance indicator,2020-11-30 07:12:43,2020-11-30,2020-11-30-07-12-43
-999833,12,OTC Attribute 3,2020-11-30 07:12:43,2020-11-30,2020-11-30-07-12-43
-999833,23,OTC Attribute 14,2020-11-30 07:12:43,2020-11-30,2020-11-30-07-12-43
-999832,11,OTC Attribute 2,2020-11-30 07:12:43,2020-11-30,2020-11-30-07-12-43
-999832,18,OTC Attribute 9,2020-11-30 07:12:43,2020-11-30,2020-11-30-07-12-43
-999832,22,OTC Attribute 13,2020-11-30 07:12:43,2020-11-30,2020-11-30-07-12-43
-999832,24,OTC Attribute 15,2020-11-30 07:12:43,2020-11-30,2020-11-30-07-12-43
-999831,12,OTC Attribute 3,2020-11-30 07:12:43,2020-11-30,2020-11-30-07-12-43
-999831,22,OTC Attribute 13,2020-11-30 07:12:43,2020-11-30,2020-11-30-07-12-43
-999831,24,OTC Attribute 15,2020-11-30 07:12:43,2020-11-30,2020-11-30-07-12-43
-999830,14,OTC Attribute 5,2020-11-30 07:12:43,2020-11-30,2020-11-30-07-12-43
-999829,24,OTC Attribute 15,2020-11-30 07:12:43,2020-11-30,2020-11-30-07-12-43
-999828,4,Associated Subscription/Product ID,2020-11-30 07:12:43,2020-11-30,2020-11-30-07-12-43
-999828,10,OTC Attribute 1,2020-11-30 07:12:43,2020-11-30,2020-11-30-07-12-43
-999828,14,OTC Attribute 5,2020-11-30 07:12:43,2020-11-30,2020-11-30-07-12-43
-999828,15,OTC Attribute 6,2020-11-30 07:12:43,2020-11-30,2020-11-30-07-12-43
-999828,17,OTC Attribute 8,2020-11-30 07:12:43,2020-11-30,2020-11-30-07-12-43
-999828,22,OTC Attribute 13,2020-11-30 07:12:43,2020-11-30,2020-11-30-07-12-43
-999827,4,Associated Subscription/Product ID,2020-11-30 07:12:43,2020-11-30,2020-11-30-07-12-43
-999827,10,OTC Attribute 1,2020-11-30 07:12:43,2020-11-30,2020-11-30-07-12-43
-999827,11,OTC Attribute 2,2020-11-30 07:12:43,2020-11-30,2020-11-30-07-12-43
-999827,15,OTC Attribute 6,2020-11-30 07:12:43,2020-11-30,2020-11-30-07-12-43
-999827,23,OTC Attribute 14,2020-11-30 07:12:43,2020-11-30,2020-11-30-07-12-43
-999826,1,OTC ID,2020-11-30 07:12:43,2020-11-30,2020-11-30-07-12-43
-999826,2,OTC Type ID,2020-11-30 07:12:43,2020-11-30,2020-11-30-07-12-43
-999826,4,Associated Subscription/Product ID,2020-11-30 07:12:43,2020-11-30,2020-11-30-07-12-43
-999826,5,Associated Budget Centre Name,2020-11-30 07:12:43,2020-11-30,2020-11-30-07-12-43
-999826,19,OTC Attribute 10,2020-11-30 07:12:43,2020-11-30,2020-11-30-07-12-43
-999826,20,OTC Attribute 11,2020-11-30 07:12:43,2020-11-30,2020-11-30-07-12-43
-999826,22,OTC Attribute 13,2020-11-30 07:12:43,2020-11-30,2020-11-30-07-12-43
-999825,1,OTC ID,2020-11-30 07:12:43,2020-11-30,2020-11-30-07-12-43
-999825,10,OTC Attribute 1,2020-11-30 07:12:43,2020-11-30,2020-11-30-07-12-43
-999825,15,OTC Attribute 6,2020-11-30 07:12:43,2020-11-30,2020-11-30-07-12-43
-999825,17,OTC Attribute 8,2020-11-30 07:12:43,2020-11-30,2020-11-30-07-12-43
-999825,18,OTC Attribute 9,2020-11-30 07:12:43,2020-11-30,2020-11-30-07-12-43
-999825,22,OTC Attribute 13,2020-11-30 07:12:43,2020-11-30,2020-11-30-07-12-43
-999824,2,OTC Type ID,2020-11-30 07:12:43,2020-11-30,2020-11-30-07-12-43
-999824,5,Associated Budget Centre Name,2020-11-30 07:12:43,2020-11-30,2020-11-30-07-12-43
-999824,10,OTC Attribute 1,2020-11-30 07:12:43,2020-11-30,2020-11-30-07-12-43
-999824,16,OTC Attribute 7,2020-11-30 07:12:43,2020-11-30,2020-11-30-07-12-43
-999824,18,OTC Attribute 9,2020-11-30 07:12:43,2020-11-30,2020-11-30-07-12-43
-999823,11,OTC Attribute 2,2020-11-30 07:12:43,2020-11-30,2020-11-30-07-12-43
-999823,12,OTC Attribute 3,2020-11-30 07:12:43,2020-11-30,2020-11-30-07-12-43
-999823,13,OTC Attribute 4,2020-11-30 07:12:43,2020-11-30,2020-11-30-07-12-43
-999823,22,OTC Attribute 13,2020-11-30 07:12:43,2020-11-30,2020-11-30-07-12-43
-999822,3,Real-Time Balance indicator,2020-11-30 07:12:43,2020-11-30,2020-11-30-07-12-43
-999822,5,Associated Budget Centre Name,2020-11-30 07:12:43,2020-11-30,2020-11-30-07-12-43
-999822,13,OTC Attribute 4,2020-11-30 07:12:43,2020-11-30,2020-11-30-07-12-43
-999822,14,OTC Attribute 5,2020-11-30 07:12:43,2020-11-30,2020-11-30-07-12-43
-999822,16,OTC Attribute 7,2020-11-30 07:12:43,2020-11-30,2020-11-30-07-12-43
-999822,18,OTC Attribute 9,2020-11-30 07:12:43,2020-11-30,2020-11-30-07-12-43
-999822,21,OTC Attribute 12,2020-11-30 07:12:43,2020-11-30,2020-11-30-07-12-43
-999822,24,OTC Attribute 15,2020-11-30 07:12:43,2020-11-30,2020-11-30-07-12-43
-999821,1,OTC ID,2020-11-30 07:12:43,2020-11-30,2020-11-30-07-12-43
-999821,13,OTC Attribute 4,2020-11-30 07:12:43,2020-11-30,2020-11-30-07-12-43
-999821,15,OTC Attribute 6,2020-11-30 07:12:43,2020-11-30,2020-11-30-07-12-43
-999821,16,OTC Attribute 7,2020-11-30 07:12:43,2020-11-30,2020-11-30-07-12-43
-999821,22,OTC Attribute 13,2020-11-30 07:12:43,2020-11-30,2020-11-30-07-12-43
-999821,23,OTC Attribute 14,2020-11-30 07:12:43,2020-11-30,2020-11-30-07-12-43
-999821,24,OTC Attribute 15,2020-11-30 07:12:43,2020-11-30,2020-11-30-07-12-43
-999820,3,Real-Time Balance indicator,2020-11-30 07:12:43,2020-11-30,2020-11-30-07-12-43
-999820,10,OTC Attribute 1,2020-11-30 07:12:43,2020-11-30,2020-11-30-07-12-43
-999820,17,OTC Attribute 8,2020-11-30 07:12:43,2020-11-30,2020-11-30-07-12-43
-999820,18,OTC Attribute 9,2020-11-30 07:12:43,2020-11-30,2020-11-30-07-12-43
-999820,23,OTC Attribute 14,2020-11-30 07:12:43,2020-11-30,2020-11-30-07-12-43
-999819,2,OTC Type ID,2020-11-30 07:12:43,2020-11-30,2020-11-30-07-12-43
-999819,4,Associated Subscription/Product ID,2020-11-30 07:12:43,2020-11-30,2020-11-30-07-12-43
-999819,6,One Time Charge Class,2020-11-30 07:12:43,2020-11-30,2020-11-30-07-12-43
-999818,10,OTC Attribute 1,2020-11-30 07:12:43,2020-11-30,2020-11-30-07-12-43
-999818,14,OTC Attribute 5,2020-11-30 07:12:43,2020-11-30,2020-11-30-07-12-43
-999818,16,OTC Attribute 7,2020-11-30 07:12:43,2020-11-30,2020-11-30-07-12-43
-999818,21,OTC Attribute 12,2020-11-30 07:12:43,2020-11-30,2020-11-30-07-12-43
-999818,23,OTC Attribute 14,2020-11-30 07:12:43,2020-11-30,2020-11-30-07-12-43
-999818,24,OTC Attribute 15,2020-11-30 07:12:43,2020-11-30,2020-11-30-07-12-43
-999817,1,OTC ID,2020-11-30 07:12:43,2020-11-30,2020-11-30-07-12-43
-999817,4,Associated Subscription/Product ID,2020-11-30 07:12:43,2020-11-30,2020-11-30-07-12-43
-999817,5,Associated Budget Centre Name,2020-11-30 07:12:43,2020-11-30,2020-11-30-07-12-43
-999817,15,OTC Attribute 6,2020-11-30 07:12:43,2020-11-30,2020-11-30-07-12-43
-999817,23,OTC Attribute 14,2020-11-30 07:12:43,2020-11-30,2020-11-30-07-12-43
-999817,24,OTC Attribute 15,2020-11-30 07:12:43,2020-11-30,2020-11-30-07-12-43
-999816,4,Associated Subscription/Product ID,2020-11-30 07:12:43,2020-11-30,2020-11-30-07-12-43
-999816,5,Associated Budget Centre Name,2020-11-30 07:12:43,2020-11-30,2020-11-30-07-12-43
-999816,15,OTC Attribute 6,2020-11-30 07:12:43,2020-11-30,2020-11-30-07-12-43
-999816,20,OTC Attribute 11,2020-11-30 07:12:43,2020-11-30,2020-11-30-07-12-43
-999816,21,OTC Attribute 12,2020-11-30 07:12:43,2020-11-30,2020-11-30-07-12-43
-999815,1,Charge type,2020-11-30 07:12:43,2020-11-30,2020-11-30-07-12-43
-999815,8,Unpackaged Price,2020-11-30 07:12:43,2020-11-30,2020-11-30-07-12-43
-999815,9,Pre-Override Price,2020-11-30 07:12:43,2020-11-30,2020-11-30-07-12-43
-999815,13,Contract Ref,2020-11-30 07:12:43,2020-11-30,2020-11-30-07-12-43
-999815,19,Attribute 1,2020-11-30 07:12:43,2020-11-30,2020-11-30-07-12-43
-999815,21,Attribute 3,2020-11-30 07:12:43,2020-11-30,2020-11-30-07-12-43
-999815,25,Price before age-dependent modifier,2020-11-30 07:12:43,2020-11-30,2020-11-30-07-12-43
-999814,15,Contract Term Units,2020-11-30 07:12:43,2020-11-30,2020-11-30-07-12-43
-999814,21,Attribute 3,2020-11-30 07:12:43,2020-11-30,2020-11-30-07-12-43
-999814,24,Attribute 6,2020-11-30 07:12:43,2020-11-30,2020-11-30-07-12-43
-999813,2,Quantity,2020-11-30 07:12:43,2020-11-30,2020-11-30-07-12-43
-999813,3,Charge Start Date,2020-11-30 07:12:43,2020-11-30,2020-11-30-07-12-43
-999813,6,Product Charge Flag,2020-11-30 07:12:43,2020-11-30,2020-11-30-07-12-43
-999813,12,Package Id,2020-11-30 07:12:43,2020-11-30,2020-11-30-07-12-43
-999813,18,Product family,2020-11-30 07:12:43,2020-11-30,2020-11-30-07-12-43
-999813,19,Attribute 1,2020-11-30 07:12:43,2020-11-30,2020-11-30-07-12-43
-999812,1,Charge type,2020-11-30 07:12:43,2020-11-30,2020-11-30-07-12-43
-999812,5,Product Age (months),2020-11-30 07:12:43,2020-11-30,2020-11-30-07-12-43
-999812,9,Pre-Override Price,2020-11-30 07:12:43,2020-11-30,2020-11-30-07-12-43
-999812,10,Saving,2020-11-30 07:12:43,2020-11-30,2020-11-30-07-12-43
-999811,6,Product Charge Flag,2020-11-30 07:12:43,2020-11-30,2020-11-30-07-12-43
-999811,7,Percentage split of charge,2020-11-30 07:12:43,2020-11-30,2020-11-30-07-12-43
-999811,13,Contract Ref,2020-11-30 07:12:43,2020-11-30,2020-11-30-07-12-43
-999811,16,Billing Tariff,2020-11-30 07:12:43,2020-11-30,2020-11-30-07-12-43
-999811,18,Product family,2020-11-30 07:12:43,2020-11-30,2020-11-30-07-12-43
-999811,19,Attribute 1,2020-11-30 07:12:43,2020-11-30,2020-11-30-07-12-43
-999811,21,Attribute 3,2020-11-30 07:12:43,2020-11-30,2020-11-30-07-12-43
-999811,25,Price before age-dependent modifier,2020-11-30 07:12:43,2020-11-30,2020-11-30-07-12-43
-999810,8,Unpackaged Price,2020-11-30 07:12:43,2020-11-30,2020-11-30-07-12-43
-999810,10,Saving,2020-11-30 07:12:43,2020-11-30,2020-11-30-07-12-43
-999810,23,Attribute 5,2020-11-30 07:12:43,2020-11-30,2020-11-30-07-12-43
-999809,1,Charge type,2020-11-30 07:12:43,2020-11-30,2020-11-30-07-12-43
-999809,12,Package Id,2020-11-30 07:12:43,2020-11-30,2020-11-30-07-12-43
-999808,1,Charge type,2020-11-30 07:12:43,2020-11-30,2020-11-30-07-12-43
-999808,11,Product Package Instance,2020-11-30 07:12:43,2020-11-30,2020-11-30-07-12-43
-999808,18,Product family,2020-11-30 07:12:43,2020-11-30,2020-11-30-07-12-43
-999808,19,Attribute 1,2020-11-30 07:12:43,2020-11-30,2020-11-30-07-12-43
-999807,5,Product Age (months),2020-11-30 07:12:43,2020-11-30,2020-11-30-07-12-43
-999807,6,Product Charge Flag,2020-11-30 07:12:43,2020-11-30,2020-11-30-07-12-43
-999807,8,Unpackaged Price,2020-11-30 07:12:43,2020-11-30,2020-11-30-07-12-43
-999807,20,Attribute 2,2020-11-30 07:12:43,2020-11-30,2020-11-30-07-12-43
-999806,1,Charge type,2020-11-30 07:12:43,2020-11-30,2020-11-30-07-12-43
-999806,10,Saving,2020-11-30 07:12:43,2020-11-30,2020-11-30-07-12-43
-999806,16,Billing Tariff,2020-11-30 07:12:43,2020-11-30,2020-11-30-07-12-43
-999806,20,Attribute 2,2020-11-30 07:12:43,2020-11-30,2020-11-30-07-12-43
-999806,21,Attribute 3,2020-11-30 07:12:43,2020-11-30,2020-11-30-07-12-43
-999806,23,Attribute 5,2020-11-30 07:12:43,2020-11-30,2020-11-30-07-12-43
-999805,6,Product Charge Flag,2020-11-30 07:12:43,2020-11-30,2020-11-30-07-12-43
-999805,8,Unpackaged Price,2020-11-30 07:12:43,2020-11-30,2020-11-30-07-12-43
-999805,13,Contract Ref,2020-11-30 07:12:43,2020-11-30,2020-11-30-07-12-43
-999805,16,Billing Tariff,2020-11-30 07:12:43,2020-11-30,2020-11-30-07-12-43
-999804,4,Charge End Date,2020-11-30 07:12:43,2020-11-30,2020-11-30-07-12-43
-999804,19,Attribute 1,2020-11-30 07:12:43,2020-11-30,2020-11-30-07-12-43
-999804,20,Attribute 2,2020-11-30 07:12:43,2020-11-30,2020-11-30-07-12-43
-999803,5,Product Age (months),2020-11-30 07:12:43,2020-11-30,2020-11-30-07-12-43
-999803,7,Percentage split of charge,2020-11-30 07:12:43,2020-11-30,2020-11-30-07-12-43
-999803,10,Saving,2020-11-30 07:12:43,2020-11-30,2020-11-30-07-12-43
-999803,12,Package Id,2020-11-30 07:12:43,2020-11-30,2020-11-30-07-12-43
-999803,15,Contract Term Units,2020-11-30 07:12:43,2020-11-30,2020-11-30-07-12-43
-999803,16,Billing Tariff,2020-11-30 07:12:43,2020-11-30,2020-11-30-07-12-43
-999803,19,Attribute 1,2020-11-30 07:12:43,2020-11-30,2020-11-30-07-12-43
-999803,21,Attribute 3,2020-11-30 07:12:43,2020-11-30,2020-11-30-07-12-43
-999803,23,Attribute 5,2020-11-30 07:12:43,2020-11-30,2020-11-30-07-12-43
-999802,1,Charge type,2020-11-30 07:12:43,2020-11-30,2020-11-30-07-12-43
-999802,7,Percentage split of charge,2020-11-30 07:12:43,2020-11-30,2020-11-30-07-12-43
-999802,21,Attribute 3,2020-11-30 07:12:43,2020-11-30,2020-11-30-07-12-43
-999801,4,Charge End Date,2020-11-30 07:12:43,2020-11-30,2020-11-30-07-12-43
-999801,5,Product Age (months),2020-11-30 07:12:43,2020-11-30,2020-11-30-07-12-43
-999801,6,Product Charge Flag,2020-11-30 07:12:43,2020-11-30,2020-11-30-07-12-43
-999801,18,Product family,2020-11-30 07:12:43,2020-11-30,2020-11-30-07-12-43
-999801,24,Attribute 6,2020-11-30 07:12:43,2020-11-30,2020-11-30-07-12-43
-999801,25,Price before age-dependent modifier,2020-11-30 07:12:43,2020-11-30,2020-11-30-07-12-43
-999800,19,Attribute 1,2020-11-30 07:12:43,2020-11-30,2020-11-30-07-12-43
-999800,21,Attribute 3,2020-11-30 07:12:43,2020-11-30,2020-11-30-07-12-43
-999799,3,Charge Start Date,2020-11-30 07:12:43,2020-11-30,2020-11-30-07-12-43
-999799,21,Attribute 3,2020-11-30 07:12:43,2020-11-30,2020-11-30-07-12-43
-999798,8,Unpackaged Price,2020-11-30 07:12:43,2020-11-30,2020-11-30-07-12-43
-999798,10,Saving,2020-11-30 07:12:43,2020-11-30,2020-11-30-07-12-43
-999798,11,Product Package Instance,2020-11-30 07:12:43,2020-11-30,2020-11-30-07-12-43
-999798,12,Package Id,2020-11-30 07:12:43,2020-11-30,2020-11-30-07-12-43
-999797,2,Quantity,2020-11-30 07:12:43,2020-11-30,2020-11-30-07-12-43
-999797,6,Product Charge Flag,2020-11-30 07:12:43,2020-11-30,2020-11-30-07-12-43
-999797,7,Percentage split of charge,2020-11-30 07:12:43,2020-11-30,2020-11-30-07-12-43
-999797,11,Product Package Instance,2020-11-30 07:12:43,2020-11-30,2020-11-30-07-12-43
-999797,23,Attribute 5,2020-11-30 07:12:43,2020-11-30,2020-11-30-07-12-43
-999797,24,Attribute 6,2020-11-30 07:12:43,2020-11-30,2020-11-30-07-12-43
-999796,3,Charge Start Date,2020-11-30 07:12:43,2020-11-30,2020-11-30-07-12-43
-999796,16,Billing Tariff,2020-11-30 07:12:43,2020-11-30,2020-11-30-07-12-43
-999796,20,Attribute 2,2020-11-30 07:12:43,2020-11-30,2020-11-30-07-12-43
-999796,21,Attribute 3,2020-11-30 07:12:43,2020-11-30,2020-11-30-07-12-43
-999795,2,Quantity,2020-11-30 07:12:43,2020-11-30,2020-11-30-07-12-43
-999795,6,Product Charge Flag,2020-11-30 07:12:43,2020-11-30,2020-11-30-07-12-43
-999795,13,Contract Ref,2020-11-30 07:12:43,2020-11-30,2020-11-30-07-12-43
-999795,16,Billing Tariff,2020-11-30 07:12:43,2020-11-30,2020-11-30-07-12-43
-999795,19,Attribute 1,2020-11-30 07:12:43,2020-11-30,2020-11-30-07-12-43
-999795,21,Attribute 3,2020-11-30 07:12:43,2020-11-30,2020-11-30-07-12-43
-999795,22,Attribute 4,2020-11-30 07:12:43,2020-11-30,2020-11-30-07-12-43
-999794,7,Percentage split of charge,2020-11-30 07:12:43,2020-11-30,2020-11-30-07-12-43
-999794,8,Unpackaged Price,2020-11-30 07:12:43,2020-11-30,2020-11-30-07-12-43
-999793,1,Charge type,2020-11-30 07:12:43,2020-11-30,2020-11-30-07-12-43
-999793,11,Product Package Instance,2020-11-30 07:12:43,2020-11-30,2020-11-30-07-12-43
-999793,15,Contract Term Units,2020-11-30 07:12:43,2020-11-30,2020-11-30-07-12-43
-999793,21,Attribute 3,2020-11-30 07:12:43,2020-11-30,2020-11-30-07-12-43
-999793,24,Attribute 6,2020-11-30 07:12:43,2020-11-30,2020-11-30-07-12-43
-999792,5,Product Age (months),2020-11-30 07:12:43,2020-11-30,2020-11-30-07-12-43
-999792,12,Package Id,2020-11-30 07:12:43,2020-11-30,2020-11-30-07-12-43
-999792,19,Attribute 1,2020-11-30 07:12:43,2020-11-30,2020-11-30-07-12-43
-999791,18,Product family,2020-11-30 07:12:43,2020-11-30,2020-11-30-07-12-43
-999791,20,Attribute 2,2020-11-30 07:12:43,2020-11-30,2020-11-30-07-12-43
-999790,1,Charge type,2020-11-30 07:12:43,2020-11-30,2020-11-30-07-12-43
-999790,2,Quantity,2020-11-30 07:12:43,2020-11-30,2020-11-30-07-12-43
-999790,6,Product Charge Flag,2020-11-30 07:12:43,2020-11-30,2020-11-30-07-12-43
-999790,8,Unpackaged Price,2020-11-30 07:12:43,2020-11-30,2020-11-30-07-12-43
-999790,9,Pre-Override Price,2020-11-30 07:12:43,2020-11-30,2020-11-30-07-12-43
-999790,10,Saving,2020-11-30 07:12:43,2020-11-30,2020-11-30-07-12-43
-999790,13,Contract Ref,2020-11-30 07:12:43,2020-11-30,2020-11-30-07-12-43
-999790,18,Product family,2020-11-30 07:12:43,2020-11-30,2020-11-30-07-12-43
-999790,25,Price before age-dependent modifier,2020-11-30 07:12:43,2020-11-30,2020-11-30-07-12-43
-999789,1,Charge type,2020-11-30 07:12:43,2020-11-30,2020-11-30-07-12-43
-999789,3,Charge Start Date,2020-11-30 07:12:43,2020-11-30,2020-11-30-07-12-43
-999789,5,Product Age (months),2020-11-30 07:12:43,2020-11-30,2020-11-30-07-12-43
-999789,11,Product Package Instance,2020-11-30 07:12:43,2020-11-30,2020-11-30-07-12-43
-999788,8,Unpackaged Price,2020-11-30 07:12:43,2020-11-30,2020-11-30-07-12-43
-999788,16,Billing Tariff,2020-11-30 07:12:43,2020-11-30,2020-11-30-07-12-43
-999788,18,Product family,2020-11-30 07:12:43,2020-11-30,2020-11-30-07-12-43
-999788,22,Attribute 4,2020-11-30 07:12:43,2020-11-30,2020-11-30-07-12-43
-999787,1,Charge type,2020-11-30 07:12:43,2020-11-30,2020-11-30-07-12-43
-999787,4,Charge End Date,2020-11-30 07:12:43,2020-11-30,2020-11-30-07-12-43
-999787,16,Billing Tariff,2020-11-30 07:12:43,2020-11-30,2020-11-30-07-12-43
-999787,24,Attribute 6,2020-11-30 07:12:43,2020-11-30,2020-11-30-07-12-43
-999787,25,Price before age-dependent modifier,2020-11-30 07:12:43,2020-11-30,2020-11-30-07-12-43
-999786,1,Charge type,2020-11-30 07:12:43,2020-11-30,2020-11-30-07-12-43
-999786,2,Quantity,2020-11-30 07:12:43,2020-11-30,2020-11-30-07-12-43
0,8,Unpackaged Price,2020-11-30 07:12:43,2020-11-30,2020-11-30-07-12-43
0,9,Pre-override price,2020-11-30 07:12:43,2020-11-30,2020-11-30-07-12-43
0,19,Attribute 1,2020-11-30 07:12:43,2020-11-30,2020-11-30-07-12-43
1,6,OCS Charged Amount,2020-11-30 07:12:43,2020-11-30,2020-11-30-07-12-43
2,4,Direction,2020-11-30 07:12:43,2020-11-30,2020-11-30-07-12-43
4,5,Operator Code,2020-11-30 07:12:43,2020-11-30,2020-11-30-07-12-43
4,11,Actual available bucket,2020-11-30 07:12:43,2020-11-30,2020-11-30-07-12-43
6,15,Originating Zone,2020-11-30 07:12:43,2020-11-30,2020-11-30-07-12-43
7,1,Originating Number,2020-11-30 07:12:43,2020-11-30,2020-11-30-07-12-43
7,3,Download Volume,2020-11-30 07:12:43,2020-11-30,2020-11-30-07-12-43
7,4,Total Volume,2020-11-30 07:12:43,2020-11-30,2020-11-30-07-12-43
8,1,Originating Number,2020-11-30 07:12:43,2020-11-30,2020-11-30-07-12-43
8,11,Actual available bucket,2020-11-30 07:12:43,2020-11-30,2020-11-30-07-12-43
-999948,2,Quantity,2020-11-30 07:12:43,2020-11-30,2020-11-30-07-12-43
-999948,3,Charge Start Date,2020-11-30 07:12:43,2020-11-30,2020-11-30-07-12-43
-999948,9,Pre-Override Price,2020-11-30 07:12:43,2020-11-30,2020-11-30-07-12-43
-999948,13,Contract Ref,2020-11-30 07:12:43,2020-11-30,2020-11-30-07-12-43
-999948,19,Attribute1,2020-11-30 07:12:43,2020-11-30,2020-11-30-07-12-43
-999947,3,Charge Start Date,2020-11-30 07:12:43,2020-11-30,2020-11-30-07-12-43
-999947,7,Percentage split of charge,2020-11-30 07:12:43,2020-11-30,2020-11-30-07-12-43
-999947,16,Billing Tariff,2020-11-30 07:12:43,2020-11-30,2020-11-30-07-12-43
-999947,25,Price before age-dependent modifier,2020-11-30 07:12:43,2020-11-30,2020-11-30-07-12-43
-999834,1,OTC ID,2020-11-30 07:12:43,2020-11-30,2020-11-30-07-12-43
-999834,14,OTC Attribute 5,2020-11-30 07:12:43,2020-11-30,2020-11-30-07-12-43
-999834,24,OTC Attribute 15,2020-11-30 07:12:43,2020-11-30,2020-11-30-07-12-43
-999833,1,OTC ID,2020-11-30 07:12:43,2020-11-30,2020-11-30-07-12-43
-999833,2,OTC Type ID,2020-11-30 07:12:43,2020-11-30,2020-11-30-07-12-43
-999833,4,Associated Subscription/Product ID,2020-11-30 07:12:43,2020-11-30,2020-11-30-07-12-43
-999833,6,One Time Charge Class,2020-11-30 07:12:43,2020-11-30,2020-11-30-07-12-43
-999833,21,OTC Attribute 12,2020-11-30 07:12:43,2020-11-30,2020-11-30-07-12-43
-999833,22,OTC Attribute 13,2020-11-30 07:12:43,2020-11-30,2020-11-30-07-12-43
-999833,24,OTC Attribute 15,2020-11-30 07:12:43,2020-11-30,2020-11-30-07-12-43
-999832,3,Real-Time Balance indicator,2020-11-30 07:12:43,2020-11-30,2020-11-30-07-12-43
-999832,6,One Time Charge Class,2020-11-30 07:12:43,2020-11-30,2020-11-30-07-12-43
-999832,12,OTC Attribute 3,2020-11-30 07:12:43,2020-11-30,2020-11-30-07-12-43
-999832,20,OTC Attribute 11,2020-11-30 07:12:43,2020-11-30,2020-11-30-07-12-43
-999831,4,Associated Subscription/Product ID,2020-11-30 07:12:43,2020-11-30,2020-11-30-07-12-43
-999831,6,One Time Charge Class,2020-11-30 07:12:43,2020-11-30,2020-11-30-07-12-43
-999831,10,OTC Attribute 1,2020-11-30 07:12:43,2020-11-30,2020-11-30-07-12-43
-999831,14,OTC Attribute 5,2020-11-30 07:12:43,2020-11-30,2020-11-30-07-12-43
-999831,16,OTC Attribute 7,2020-11-30 07:12:43,2020-11-30,2020-11-30-07-12-43
-999831,19,OTC Attribute 10,2020-11-30 07:12:43,2020-11-30,2020-11-30-07-12-43
-999831,20,OTC Attribute 11,2020-11-30 07:12:43,2020-11-30,2020-11-30-07-12-43
-999830,5,Associated Budget Centre Name,2020-11-30 07:12:43,2020-11-30,2020-11-30-07-12-43
-999830,15,OTC Attribute 6,2020-11-30 07:12:43,2020-11-30,2020-11-30-07-12-43
-999830,18,OTC Attribute 9,2020-11-30 07:12:43,2020-11-30,2020-11-30-07-12-43
-999829,12,OTC Attribute 3,2020-11-30 07:12:43,2020-11-30,2020-11-30-07-12-43
-999829,15,OTC Attribute 6,2020-11-30 07:12:43,2020-11-30,2020-11-30-07-12-43
-999829,19,OTC Attribute 10,2020-11-30 07:12:43,2020-11-30,2020-11-30-07-12-43
-999828,6,One Time Charge Class,2020-11-30 07:12:43,2020-11-30,2020-11-30-07-12-43
-999828,16,OTC Attribute 7,2020-11-30 07:12:43,2020-11-30,2020-11-30-07-12-43
-999827,1,OTC ID,2020-11-30 07:12:43,2020-11-30,2020-11-30-07-12-43
-999827,17,OTC Attribute 8,2020-11-30 07:12:43,2020-11-30,2020-11-30-07-12-43
-999827,19,OTC Attribute 10,2020-11-30 07:12:43,2020-11-30,2020-11-30-07-12-43
-999827,24,OTC Attribute 15,2020-11-30 07:12:43,2020-11-30,2020-11-30-07-12-43
-999826,3,Real-Time Balance indicator,2020-11-30 07:12:43,2020-11-30,2020-11-30-07-12-43
-999826,6,One Time Charge Class,2020-11-30 07:12:43,2020-11-30,2020-11-30-07-12-43
-999826,14,OTC Attribute 5,2020-11-30 07:12:43,2020-11-30,2020-11-30-07-12-43
-999826,18,OTC Attribute 9,2020-11-30 07:12:43,2020-11-30,2020-11-30-07-12-43
-999826,21,OTC Attribute 12,2020-11-30 07:12:43,2020-11-30,2020-11-30-07-12-43
-999826,23,OTC Attribute 14,2020-11-30 07:12:43,2020-11-30,2020-11-30-07-12-43
-999825,2,OTC Type ID,2020-11-30 07:12:43,2020-11-30,2020-11-30-07-12-43
-999825,4,Associated Subscription/Product ID,2020-11-30 07:12:43,2020-11-30,2020-11-30-07-12-43
-999825,11,OTC Attribute 2,2020-11-30 07:12:43,2020-11-30,2020-11-30-07-12-43
-999825,23,OTC Attribute 14,2020-11-30 07:12:43,2020-11-30,2020-11-30-07-12-43
-999824,12,OTC Attribute 3,2020-11-30 07:12:43,2020-11-30,2020-11-30-07-12-43
-999824,15,OTC Attribute 6,2020-11-30 07:12:43,2020-11-30,2020-11-30-07-12-43
-999824,21,OTC Attribute 12,2020-11-30 07:12:43,2020-11-30,2020-11-30-07-12-43
-999824,22,OTC Attribute 13,2020-11-30 07:12:43,2020-11-30,2020-11-30-07-12-43
-999824,24,OTC Attribute 15,2020-11-30 07:12:43,2020-11-30,2020-11-30-07-12-43
-999823,2,OTC Type ID,2020-11-30 07:12:43,2020-11-30,2020-11-30-07-12-43
-999823,14,OTC Attribute 5,2020-11-30 07:12:43,2020-11-30,2020-11-30-07-12-43
-999823,15,OTC Attribute 6,2020-11-30 07:12:43,2020-11-30,2020-11-30-07-12-43
-999823,16,OTC Attribute 7,2020-11-30 07:12:43,2020-11-30,2020-11-30-07-12-43
-999823,17,OTC Attribute 8,2020-11-30 07:12:43,2020-11-30,2020-11-30-07-12-43
-999822,11,OTC Attribute 2,2020-11-30 07:12:43,2020-11-30,2020-11-30-07-12-43
-999822,22,OTC Attribute 13,2020-11-30 07:12:43,2020-11-30,2020-11-30-07-12-43
-999821,2,OTC Type ID,2020-11-30 07:12:43,2020-11-30,2020-11-30-07-12-43
-999821,4,Associated Subscription/Product ID,2020-11-30 07:12:43,2020-11-30,2020-11-30-07-12-43
-999821,6,One Time Charge Class,2020-11-30 07:12:43,2020-11-30,2020-11-30-07-12-43
-999821,10,OTC Attribute 1,2020-11-30 07:12:43,2020-11-30,2020-11-30-07-12-43
-999821,14,OTC Attribute 5,2020-11-30 07:12:43,2020-11-30,2020-11-30-07-12-43
-999821,17,OTC Attribute 8,2020-11-30 07:12:43,2020-11-30,2020-11-30-07-12-43
-999821,18,OTC Attribute 9,2020-11-30 07:12:43,2020-11-30,2020-11-30-07-12-43
-999821,19,OTC Attribute 10,2020-11-30 07:12:43,2020-11-30,2020-11-30-07-12-43
-999821,20,OTC Attribute 11,2020-11-30 07:12:43,2020-11-30,2020-11-30-07-12-43
-999821,21,OTC Attribute 12,2020-11-30 07:12:43,2020-11-30,2020-11-30-07-12-43
-999820,12,OTC Attribute 3,2020-11-30 07:12:43,2020-11-30,2020-11-30-07-12-43
-999819,3,Real-Time Balance indicator,2020-11-30 07:12:43,2020-11-30,2020-11-30-07-12-43
-999819,17,OTC Attribute 8,2020-11-30 07:12:43,2020-11-30,2020-11-30-07-12-43
-999818,1,OTC ID,2020-11-30 07:12:43,2020-11-30,2020-11-30-07-12-43
-999818,15,OTC Attribute 6,2020-11-30 07:12:43,2020-11-30,2020-11-30-07-12-43
-999818,19,OTC Attribute 10,2020-11-30 07:12:43,2020-11-30,2020-11-30-07-12-43
-999817,6,One Time Charge Class,2020-11-30 07:12:43,2020-11-30,2020-11-30-07-12-43
-999817,12,OTC Attribute 3,2020-11-30 07:12:43,2020-11-30,2020-11-30-07-12-43
-999816,1,OTC ID,2020-11-30 07:12:43,2020-11-30,2020-11-30-07-12-43
-999816,3,Real-Time Balance indicator,2020-11-30 07:12:43,2020-11-30,2020-11-30-07-12-43
-999816,10,OTC Attribute 1,2020-11-30 07:12:43,2020-11-30,2020-11-30-07-12-43
-999816,12,OTC Attribute 3,2020-11-30 07:12:43,2020-11-30,2020-11-30-07-12-43
-999816,14,OTC Attribute 5,2020-11-30 07:12:43,2020-11-30,2020-11-30-07-12-43
-999816,22,OTC Attribute 13,2020-11-30 07:12:43,2020-11-30,2020-11-30-07-12-43
-999815,7,Percentage split of charge,2020-11-30 07:12:43,2020-11-30,2020-11-30-07-12-43
-999815,12,Package Id,2020-11-30 07:12:43,2020-11-30,2020-11-30-07-12-43
-999815,22,Attribute 4,2020-11-30 07:12:43,2020-11-30,2020-11-30-07-12-43
-999814,1,Charge type,2020-11-30 07:12:43,2020-11-30,2020-11-30-07-12-43
-999814,6,Product Charge Flag,2020-11-30 07:12:43,2020-11-30,2020-11-30-07-12-43
-999814,10,Saving,2020-11-30 07:12:43,2020-11-30,2020-11-30-07-12-43
-999814,12,Package Id,2020-11-30 07:12:43,2020-11-30,2020-11-30-07-12-43
-999814,19,Attribute 1,2020-11-30 07:12:43,2020-11-30,2020-11-30-07-12-43
-999814,20,Attribute 2,2020-11-30 07:12:43,2020-11-30,2020-11-30-07-12-43
-999814,22,Attribute 4,2020-11-30 07:12:43,2020-11-30,2020-11-30-07-12-43
-999814,23,Attribute 5,2020-11-30 07:12:43,2020-11-30,2020-11-30-07-12-43
-999813,5,Product Age (months),2020-11-30 07:12:43,2020-11-30,2020-11-30-07-12-43
-999813,9,Pre-Override Price,2020-11-30 07:12:43,2020-11-30,2020-11-30-07-12-43
-999813,11,Product Package Instance,2020-11-30 07:12:43,2020-11-30,2020-11-30-07-12-43
-999813,14,Contract Term,2020-11-30 07:12:43,2020-11-30,2020-11-30-07-12-43
-999813,25,Price before age-dependent modifier,2020-11-30 07:12:43,2020-11-30,2020-11-30-07-12-43
-999812,4,Charge End Date,2020-11-30 07:12:43,2020-11-30,2020-11-30-07-12-43
-999812,14,Contract Term,2020-11-30 07:12:43,2020-11-30,2020-11-30-07-12-43
-999812,18,Product family,2020-11-30 07:12:43,2020-11-30,2020-11-30-07-12-43
-999812,21,Attribute 3,2020-11-30 07:12:43,2020-11-30,2020-11-30-07-12-43
-999812,22,Attribute 4,2020-11-30 07:12:43,2020-11-30,2020-11-30-07-12-43
-999812,25,Price before age-dependent modifier,2020-11-30 07:12:43,2020-11-30,2020-11-30-07-12-43
-999811,3,Charge Start Date,2020-11-30 07:12:43,2020-11-30,2020-11-30-07-12-43
-999811,14,Contract Term,2020-11-30 07:12:43,2020-11-30,2020-11-30-07-12-43
-999811,15,Contract Term Units,2020-11-30 07:12:43,2020-11-30,2020-11-30-07-12-43
-999811,22,Attribute 4,2020-11-30 07:12:43,2020-11-30,2020-11-30-07-12-43
-999810,1,Charge type,2020-11-30 07:12:43,2020-11-30,2020-11-30-07-12-43
-999810,2,Quantity,2020-11-30 07:12:43,2020-11-30,2020-11-30-07-12-43
-999810,4,Charge End Date,2020-11-30 07:12:43,2020-11-30,2020-11-30-07-12-43
-999810,9,Pre-Override Price,2020-11-30 07:12:43,2020-11-30,2020-11-30-07-12-43
-999810,18,Product family,2020-11-30 07:12:43,2020-11-30,2020-11-30-07-12-43
-999809,2,Quantity,2020-11-30 07:12:43,2020-11-30,2020-11-30-07-12-43
-999809,5,Product Age (months),2020-11-30 07:12:43,2020-11-30,2020-11-30-07-12-43
-999809,7,Percentage split of charge,2020-11-30 07:12:43,2020-11-30,2020-11-30-07-12-43
-999809,16,Billing Tariff,2020-11-30 07:12:43,2020-11-30,2020-11-30-07-12-43
-999809,21,Attribute 3,2020-11-30 07:12:43,2020-11-30,2020-11-30-07-12-43
-999809,24,Attribute 6,2020-11-30 07:12:43,2020-11-30,2020-11-30-07-12-43
-999808,4,Charge End Date,2020-11-30 07:12:43,2020-11-30,2020-11-30-07-12-43
-999808,23,Attribute 5,2020-11-30 07:12:43,2020-11-30,2020-11-30-07-12-43
-999808,25,Price before age-dependent modifier,2020-11-30 07:12:43,2020-11-30,2020-11-30-07-12-43
-999807,3,Charge Start Date,2020-11-30 07:12:43,2020-11-30,2020-11-30-07-12-43
-999807,7,Percentage split of charge,2020-11-30 07:12:43,2020-11-30,2020-11-30-07-12-43
-999807,12,Package Id,2020-11-30 07:12:43,2020-11-30,2020-11-30-07-12-43
-999807,18,Product family,2020-11-30 07:12:43,2020-11-30,2020-11-30-07-12-43
-999807,23,Attribute 5,2020-11-30 07:12:43,2020-11-30,2020-11-30-07-12-43
-999806,3,Charge Start Date,2020-11-30 07:12:43,2020-11-30,2020-11-30-07-12-43
-999806,8,Unpackaged Price,2020-11-30 07:12:43,2020-11-30,2020-11-30-07-12-43
-999806,11,Product Package Instance,2020-11-30 07:12:43,2020-11-30,2020-11-30-07-12-43
-999806,19,Attribute 1,2020-11-30 07:12:43,2020-11-30,2020-11-30-07-12-43
-999805,3,Charge Start Date,2020-11-30 07:12:43,2020-11-30,2020-11-30-07-12-43
-999805,5,Product Age (months),2020-11-30 07:12:43,2020-11-30,2020-11-30-07-12-43
-999805,14,Contract Term,2020-11-30 07:12:43,2020-11-30,2020-11-30-07-12-43
-999805,23,Attribute 5,2020-11-30 07:12:43,2020-11-30,2020-11-30-07-12-43
-999805,25,Price before age-dependent modifier,2020-11-30 07:12:43,2020-11-30,2020-11-30-07-12-43
-999804,2,Quantity,2020-11-30 07:12:43,2020-11-30,2020-11-30-07-12-43
-999804,8,Unpackaged Price,2020-11-30 07:12:43,2020-11-30,2020-11-30-07-12-43
-999804,10,Saving,2020-11-30 07:12:43,2020-11-30,2020-11-30-07-12-43
-999804,14,Contract Term,2020-11-30 07:12:43,2020-11-30,2020-11-30-07-12-43
-999804,15,Contract Term Units,2020-11-30 07:12:43,2020-11-30,2020-11-30-07-12-43
-999803,2,Quantity,2020-11-30 07:12:43,2020-11-30,2020-11-30-07-12-43
-999803,18,Product family,2020-11-30 07:12:43,2020-11-30,2020-11-30-07-12-43
-999803,24,Attribute 6,2020-11-30 07:12:43,2020-11-30,2020-11-30-07-12-43
-999802,5,Product Age (months),2020-11-30 07:12:43,2020-11-30,2020-11-30-07-12-43
-999802,8,Unpackaged Price,2020-11-30 07:12:43,2020-11-30,2020-11-30-07-12-43
-999802,15,Contract Term Units,2020-11-30 07:12:43,2020-11-30,2020-11-30-07-12-43
-999801,2,Quantity,2020-11-30 07:12:43,2020-11-30,2020-11-30-07-12-43
-999801,3,Charge Start Date,2020-11-30 07:12:43,2020-11-30,2020-11-30-07-12-43
-999801,9,Pre-Override Price,2020-11-30 07:12:43,2020-11-30,2020-11-30-07-12-43
-999801,10,Saving,2020-11-30 07:12:43,2020-11-30,2020-11-30-07-12-43
-999801,14,Contract Term,2020-11-30 07:12:43,2020-11-30,2020-11-30-07-12-43
-999800,5,Product Age (months),2020-11-30 07:12:43,2020-11-30,2020-11-30-07-12-43
-999800,9,Pre-Override Price,2020-11-30 07:12:43,2020-11-30,2020-11-30-07-12-43
-999800,13,Contract Ref,2020-11-30 07:12:43,2020-11-30,2020-11-30-07-12-43
-999800,22,Attribute 4,2020-11-30 07:12:43,2020-11-30,2020-11-30-07-12-43
-999800,25,Price before age-dependent modifier,2020-11-30 07:12:43,2020-11-30,2020-11-30-07-12-43
-999799,1,Charge type,2020-11-30 07:12:43,2020-11-30,2020-11-30-07-12-43
-999799,4,Charge End Date,2020-11-30 07:12:43,2020-11-30,2020-11-30-07-12-43
-999799,8,Unpackaged Price,2020-11-30 07:12:43,2020-11-30,2020-11-30-07-12-43
-999799,24,Attribute 6,2020-11-30 07:12:43,2020-11-30,2020-11-30-07-12-43
-999798,5,Product Age (months),2020-11-30 07:12:43,2020-11-30,2020-11-30-07-12-43
-999798,13,Contract Ref,2020-11-30 07:12:43,2020-11-30,2020-11-30-07-12-43
-999798,19,Attribute 1,2020-11-30 07:12:43,2020-11-30,2020-11-30-07-12-43
-999798,23,Attribute 5,2020-11-30 07:12:43,2020-11-30,2020-11-30-07-12-43
-999798,24,Attribute 6,2020-11-30 07:12:43,2020-11-30,2020-11-30-07-12-43
-999797,3,Charge Start Date,2020-11-30 07:12:43,2020-11-30,2020-11-30-07-12-43
-999797,4,Charge End Date,2020-11-30 07:12:43,2020-11-30,2020-11-30-07-12-43
-999797,9,Pre-Override Price,2020-11-30 07:12:43,2020-11-30,2020-11-30-07-12-43
-999797,12,Package Id,2020-11-30 07:12:43,2020-11-30,2020-11-30-07-12-43
-999797,13,Contract Ref,2020-11-30 07:12:43,2020-11-30,2020-11-30-07-12-43
-999797,14,Contract Term,2020-11-30 07:12:43,2020-11-30,2020-11-30-07-12-43
-999797,20,Attribute 2,2020-11-30 07:12:43,2020-11-30,2020-11-30-07-12-43
-999797,22,Attribute 4,2020-11-30 07:12:43,2020-11-30,2020-11-30-07-12-43
-999796,1,Charge type,2020-11-30 07:12:43,2020-11-30,2020-11-30-07-12-43
-999796,8,Unpackaged Price,2020-11-30 07:12:43,2020-11-30,2020-11-30-07-12-43
-999796,9,Pre-Override Price,2020-11-30 07:12:43,2020-11-30,2020-11-30-07-12-43
-999796,14,Contract Term,2020-11-30 07:12:43,2020-11-30,2020-11-30-07-12-43
-999795,4,Charge End Date,2020-11-30 07:12:43,2020-11-30,2020-11-30-07-12-43
-999795,5,Product Age (months),2020-11-30 07:12:43,2020-11-30,2020-11-30-07-12-43
-999795,7,Percentage split of charge,2020-11-30 07:12:43,2020-11-30,2020-11-30-07-12-43
-999795,8,Unpackaged Price,2020-11-30 07:12:43,2020-11-30,2020-11-30-07-12-43
-999795,10,Saving,2020-11-30 07:12:43,2020-11-30,2020-11-30-07-12-43
-999795,24,Attribute 6,2020-11-30 07:12:43,2020-11-30,2020-11-30-07-12-43
-999794,1,Charge type,2020-11-30 07:12:43,2020-11-30,2020-11-30-07-12-43
-999794,3,Charge Start Date,2020-11-30 07:12:43,2020-11-30,2020-11-30-07-12-43
-999794,4,Charge End Date,2020-11-30 07:12:43,2020-11-30,2020-11-30-07-12-43
-999794,6,Product Charge Flag,2020-11-30 07:12:43,2020-11-30,2020-11-30-07-12-43
-999794,12,Package Id,2020-11-30 07:12:43,2020-11-30,2020-11-30-07-12-43
-999794,24,Attribute 6,2020-11-30 07:12:43,2020-11-30,2020-11-30-07-12-43
-999793,6,Product Charge Flag,2020-11-30 07:12:43,2020-11-30,2020-11-30-07-12-43
-999793,8,Unpackaged Price,2020-11-30 07:12:43,2020-11-30,2020-11-30-07-12-43
-999793,12,Package Id,2020-11-30 07:12:43,2020-11-30,2020-11-30-07-12-43
-999793,14,Contract Term,2020-11-30 07:12:43,2020-11-30,2020-11-30-07-12-43
-999793,16,Billing Tariff,2020-11-30 07:12:43,2020-11-30,2020-11-30-07-12-43
-999793,22,Attribute 4,2020-11-30 07:12:43,2020-11-30,2020-11-30-07-12-43
-999793,25,Price before age-dependent modifier,2020-11-30 07:12:43,2020-11-30,2020-11-30-07-12-43
-999792,14,Contract Term,2020-11-30 07:12:43,2020-11-30,2020-11-30-07-12-43
-999792,15,Contract Term Units,2020-11-30 07:12:43,2020-11-30,2020-11-30-07-12-43
-999792,22,Attribute 4,2020-11-30 07:12:43,2020-11-30,2020-11-30-07-12-43
-999791,1,Charge type,2020-11-30 07:12:43,2020-11-30,2020-11-30-07-12-43
-999791,6,Product Charge Flag,2020-11-30 07:12:43,2020-11-30,2020-11-30-07-12-43
-999791,9,Pre-Override Price,2020-11-30 07:12:43,2020-11-30,2020-11-30-07-12-43
-999791,10,Saving,2020-11-30 07:12:43,2020-11-30,2020-11-30-07-12-43
-999791,22,Attribute 4,2020-11-30 07:12:43,2020-11-30,2020-11-30-07-12-43
-999790,3,Charge Start Date,2020-11-30 07:12:43,2020-11-30,2020-11-30-07-12-43
-999790,23,Attribute 5,2020-11-30 07:12:43,2020-11-30,2020-11-30-07-12-43
-999789,2,Quantity,2020-11-30 07:12:43,2020-11-30,2020-11-30-07-12-43
-999789,8,Unpackaged Price,2020-11-30 07:12:43,2020-11-30,2020-11-30-07-12-43
-999789,16,Billing Tariff,2020-11-30 07:12:43,2020-11-30,2020-11-30-07-12-43
-999789,23,Attribute 5,2020-11-30 07:12:43,2020-11-30,2020-11-30-07-12-43
-999789,24,Attribute 6,2020-11-30 07:12:43,2020-11-30,2020-11-30-07-12-43
-999788,10,Saving,2020-11-30 07:12:43,2020-11-30,2020-11-30-07-12-43
-999788,11,Product Package Instance,2020-11-30 07:12:43,2020-11-30,2020-11-30-07-12-43
-999788,13,Contract Ref,2020-11-30 07:12:43,2020-11-30,2020-11-30-07-12-43
-999788,24,Attribute 6,2020-11-30 07:12:43,2020-11-30,2020-11-30-07-12-43
-999787,5,Product Age (months),2020-11-30 07:12:43,2020-11-30,2020-11-30-07-12-43
-999787,12,Package Id,2020-11-30 07:12:43,2020-11-30,2020-11-30-07-12-43
-999787,13,Contract Ref,2020-11-30 07:12:43,2020-11-30,2020-11-30-07-12-43
-999787,14,Contract Term,2020-11-30 07:12:43,2020-11-30,2020-11-30-07-12-43
-999787,19,Attribute 1,2020-11-30 07:12:43,2020-11-30,2020-11-30-07-12-43
-999787,22,Attribute 4,2020-11-30 07:12:43,2020-11-30,2020-11-30-07-12-43
-999786,3,Charge Start Date,2020-11-30 07:12:43,2020-11-30,2020-11-30-07-12-43
-999786,14,Contract Term,2020-11-30 07:12:43,2020-11-30,2020-11-30-07-12-43
-999786,23,Attribute 5,2020-11-30 07:12:43,2020-11-30,2020-11-30-07-12-43
0,5,Product age (months),2020-11-30 07:12:43,2020-11-30,2020-11-30-07-12-43
0,16,Billing tariff,2020-11-30 07:12:43,2020-11-30,2020-11-30-07-12-43
0,18,Product family,2020-11-30 07:12:43,2020-11-30,2020-11-30-07-12-43
1,12,Served IMSI,2020-11-30 07:12:43,2020-11-30,2020-11-30-07-12-43
2,6,OCS Charged Amount,2020-11-30 07:12:43,2020-11-30,2020-11-30-07-12-43
2,8,Bucket Consumption amount,2020-11-30 07:12:43,2020-11-30,2020-11-30-07-12-43
3,2,Called number,2020-11-30 07:12:43,2020-11-30,2020-11-30-07-12-43
4,1,Calling Number,2020-11-30 07:12:43,2020-11-30,2020-11-30-07-12-43
4,6,OCS Charged Amount,2020-11-30 07:12:43,2020-11-30,2020-11-30-07-12-43
4,9,Consumption type,2020-11-30 07:12:43,2020-11-30,2020-11-30-07-12-43
4,12,Served IMSI,2020-11-30 07:12:43,2020-11-30,2020-11-30-07-12-43
5,8,Bucket Consumption amount,2020-11-30 07:12:43,2020-11-30,2020-11-30-07-12-43
5,11,Served IMSI,2020-11-30 07:12:43,2020-11-30,2020-11-30-07-12-43
6,1,Calling Number,2020-11-30 07:12:43,2020-11-30,2020-11-30-07-12-43
6,2,Called number,2020-11-30 07:12:43,2020-11-30,2020-11-30-07-12-43
6,9,Consumption type,2020-11-30 07:12:43,2020-11-30,2020-11-30-07-12-43
6,11,Actual available bucket,2020-11-30 07:12:43,2020-11-30,2020-11-30-07-12-43
6,13,Terminating Zone,2020-11-30 07:12:43,2020-11-30,2020-11-30-07-12-43
7,6,OCS Charged Amount,2020-11-30 07:12:43,2020-11-30,2020-11-30-07-12-43
8,5,Rating Group,2020-11-30 07:12:43,2020-11-30,2020-11-30-07-12-43
8,12,Served IMSI,2020-11-30 07:12:43,2020-11-30,2020-11-30-07-12-43
8,13,Roaming Country,2020-11-30 07:12:43,2020-11-30,2020-11-30-07-12-43
-999948,6,Product Charge Flag,2020-11-30 07:12:43,2020-11-30,2020-11-30-07-12-43
-999948,10,Saving,2020-11-30 07:12:43,2020-11-30,2020-11-30-07-12-43
-999948,14,Contract Term,2020-11-30 07:12:43,2020-11-30,2020-11-30-07-12-43
-999948,20,Attribute2,2020-11-30 07:12:43,2020-11-30,2020-11-30-07-12-43
-999948,25,Price before age-dependent modifier,2020-11-30 07:12:43,2020-11-30,2020-11-30-07-12-43
-999947,12,Package Id,2020-11-30 07:12:43,2020-11-30,2020-11-30-07-12-43
-999947,13,Contract Ref,2020-11-30 07:12:43,2020-11-30,2020-11-30-07-12-43
-999947,18,Product family,2020-11-30 07:12:43,2020-11-30,2020-11-30-07-12-43
-999947,23,PRICE_SUB_OCS_ID,2020-11-30 07:12:43,2020-11-30,2020-11-30-07-12-43
-999834,4,Associated Subscription/Product ID,2020-11-30 07:12:43,2020-11-30,2020-11-30-07-12-43
-999834,12,OTC Attribute 3,2020-11-30 07:12:43,2020-11-30,2020-11-30-07-12-43
-999834,19,OTC Attribute 10,2020-11-30 07:12:43,2020-11-30,2020-11-30-07-12-43
-999834,22,OTC Attribute 13,2020-11-30 07:12:43,2020-11-30,2020-11-30-07-12-43
-999834,23,OTC Attribute 14,2020-11-30 07:12:43,2020-11-30,2020-11-30-07-12-43
-999833,5,Associated Budget Centre Name,2020-11-30 07:12:43,2020-11-30,2020-11-30-07-12-43
-999833,10,OTC Attribute 1,2020-11-30 07:12:43,2020-11-30,2020-11-30-07-12-43
-999833,15,OTC Attribute 6,2020-11-30 07:12:43,2020-11-30,2020-11-30-07-12-43
-999833,16,OTC Attribute 7,2020-11-30 07:12:43,2020-11-30,2020-11-30-07-12-43
-999832,1,OTC ID,2020-11-30 07:12:43,2020-11-30,2020-11-30-07-12-43
-999832,4,Associated Subscription/Product ID,2020-11-30 07:12:43,2020-11-30,2020-11-30-07-12-43
-999832,5,Associated Budget Centre Name,2020-11-30 07:12:43,2020-11-30,2020-11-30-07-12-43
-999831,11,OTC Attribute 2,2020-11-30 07:12:43,2020-11-30,2020-11-30-07-12-43
-999831,15,OTC Attribute 6,2020-11-30 07:12:43,2020-11-30,2020-11-30-07-12-43
-999831,17,OTC Attribute 8,2020-11-30 07:12:43,2020-11-30,2020-11-30-07-12-43
-999831,21,OTC Attribute 12,2020-11-30 07:12:43,2020-11-30,2020-11-30-07-12-43
-999830,2,OTC Type ID,2020-11-30 07:12:43,2020-11-30,2020-11-30-07-12-43
-999830,12,OTC Attribute 3,2020-11-30 07:12:43,2020-11-30,2020-11-30-07-12-43
-999830,16,OTC Attribute 7,2020-11-30 07:12:43,2020-11-30,2020-11-30-07-12-43
-999830,23,OTC Attribute 14,2020-11-30 07:12:43,2020-11-30,2020-11-30-07-12-43
-999829,2,OTC Type ID,2020-11-30 07:12:43,2020-11-30,2020-11-30-07-12-43
-999829,4,Associated Subscription/Product ID,2020-11-30 07:12:43,2020-11-30,2020-11-30-07-12-43
-999829,11,OTC Attribute 2,2020-11-30 07:12:43,2020-11-30,2020-11-30-07-12-43
-999829,16,OTC Attribute 7,2020-11-30 07:12:43,2020-11-30,2020-11-30-07-12-43
-999829,18,OTC Attribute 9,2020-11-30 07:12:43,2020-11-30,2020-11-30-07-12-43
-999829,20,OTC Attribute 11,2020-11-30 07:12:43,2020-11-30,2020-11-30-07-12-43
-999829,22,OTC Attribute 13,2020-11-30 07:12:43,2020-11-30,2020-11-30-07-12-43
-999829,23,OTC Attribute 14,2020-11-30 07:12:43,2020-11-30,2020-11-30-07-12-43
-999828,2,OTC Type ID,2020-11-30 07:12:43,2020-11-30,2020-11-30-07-12-43
-999828,11,OTC Attribute 2,2020-11-30 07:12:43,2020-11-30,2020-11-30-07-12-43
-999828,13,OTC Attribute 4,2020-11-30 07:12:43,2020-11-30,2020-11-30-07-12-43
-999828,19,OTC Attribute 10,2020-11-30 07:12:43,2020-11-30,2020-11-30-07-12-43
-999828,20,OTC Attribute 11,2020-11-30 07:12:43,2020-11-30,2020-11-30-07-12-43
-999828,23,OTC Attribute 14,2020-11-30 07:12:43,2020-11-30,2020-11-30-07-12-43
-999827,13,OTC Attribute 4,2020-11-30 07:12:43,2020-11-30,2020-11-30-07-12-43
-999826,11,OTC Attribute 2,2020-11-30 07:12:43,2020-11-30,2020-11-30-07-12-43
-999826,24,OTC Attribute 15,2020-11-30 07:12:43,2020-11-30,2020-11-30-07-12-43
-999824,3,Real-Time Balance indicator,2020-11-30 07:12:43,2020-11-30,2020-11-30-07-12-43
-999824,11,OTC Attribute 2,2020-11-30 07:12:43,2020-11-30,2020-11-30-07-12-43
-999824,17,OTC Attribute 8,2020-11-30 07:12:43,2020-11-30,2020-11-30-07-12-43
-999824,20,OTC Attribute 11,2020-11-30 07:12:43,2020-11-30,2020-11-30-07-12-43
-999823,1,OTC ID,2020-11-30 07:12:43,2020-11-30,2020-11-30-07-12-43
-999823,5,Associated Budget Centre Name,2020-11-30 07:12:43,2020-11-30,2020-11-30-07-12-43
-999823,6,One Time Charge Class,2020-11-30 07:12:43,2020-11-30,2020-11-30-07-12-43
-999823,18,OTC Attribute 9,2020-11-30 07:12:43,2020-11-30,2020-11-30-07-12-43
-999823,19,OTC Attribute 10,2020-11-30 07:12:43,2020-11-30,2020-11-30-07-12-43
-999823,23,OTC Attribute 14,2020-11-30 07:12:43,2020-11-30,2020-11-30-07-12-43
-999822,10,OTC Attribute 1,2020-11-30 07:12:43,2020-11-30,2020-11-30-07-12-43
-999822,12,OTC Attribute 3,2020-11-30 07:12:43,2020-11-30,2020-11-30-07-12-43
-999822,17,OTC Attribute 8,2020-11-30 07:12:43,2020-11-30,2020-11-30-07-12-43
-999822,19,OTC Attribute 10,2020-11-30 07:12:43,2020-11-30,2020-11-30-07-12-43
-999821,5,Associated Budget Centre Name,2020-11-30 07:12:43,2020-11-30,2020-11-30-07-12-43
-999820,1,OTC ID,2020-11-30 07:12:43,2020-11-30,2020-11-30-07-12-43
-999820,4,Associated Subscription/Product ID,2020-11-30 07:12:43,2020-11-30,2020-11-30-07-12-43
-999820,5,Associated Budget Centre Name,2020-11-30 07:12:43,2020-11-30,2020-11-30-07-12-43
-999820,6,One Time Charge Class,2020-11-30 07:12:43,2020-11-30,2020-11-30-07-12-43
-999820,13,OTC Attribute 4,2020-11-30 07:12:43,2020-11-30,2020-11-30-07-12-43
-999820,16,OTC Attribute 7,2020-11-30 07:12:43,2020-11-30,2020-11-30-07-12-43
-999820,21,OTC Attribute 12,2020-11-30 07:12:43,2020-11-30,2020-11-30-07-12-43
-999820,22,OTC Attribute 13,2020-11-30 07:12:43,2020-11-30,2020-11-30-07-12-43
-999820,24,OTC Attribute 15,2020-11-30 07:12:43,2020-11-30,2020-11-30-07-12-43
-999819,1,OTC ID,2020-11-30 07:12:43,2020-11-30,2020-11-30-07-12-43
-999819,10,OTC Attribute 1,2020-11-30 07:12:43,2020-11-30,2020-11-30-07-12-43
-999819,18,OTC Attribute 9,2020-11-30 07:12:43,2020-11-30,2020-11-30-07-12-43
-999819,20,OTC Attribute 11,2020-11-30 07:12:43,2020-11-30,2020-11-30-07-12-43
-999818,2,OTC Type ID,2020-11-30 07:12:43,2020-11-30,2020-11-30-07-12-43
-999818,5,Associated Budget Centre Name,2020-11-30 07:12:43,2020-11-30,2020-11-30-07-12-43
-999818,22,OTC Attribute 13,2020-11-30 07:12:43,2020-11-30,2020-11-30-07-12-43
-999817,3,Real-Time Balance indicator,2020-11-30 07:12:43,2020-11-30,2020-11-30-07-12-43
-999816,16,OTC Attribute 7,2020-11-30 07:12:43,2020-11-30,2020-11-30-07-12-43
-999815,3,Charge Start Date,2020-11-30 07:12:43,2020-11-30,2020-11-30-07-12-43
-999815,4,Charge End Date,2020-11-30 07:12:43,2020-11-30,2020-11-30-07-12-43
-999815,6,Product Charge Flag,2020-11-30 07:12:43,2020-11-30,2020-11-30-07-12-43
-999814,3,Charge Start Date,2020-11-30 07:12:43,2020-11-30,2020-11-30-07-12-43
-999814,4,Charge End Date,2020-11-30 07:12:43,2020-11-30,2020-11-30-07-12-43
-999814,7,Percentage split of charge,2020-11-30 07:12:43,2020-11-30,2020-11-30-07-12-43
-999814,9,Pre-Override Price,2020-11-30 07:12:43,2020-11-30,2020-11-30-07-12-43
-999814,13,Contract Ref,2020-11-30 07:12:43,2020-11-30,2020-11-30-07-12-43
-999814,16,Billing Tariff,2020-11-30 07:12:43,2020-11-30,2020-11-30-07-12-43
-999813,1,Charge type,2020-11-30 07:12:43,2020-11-30,2020-11-30-07-12-43
-999813,4,Charge End Date,2020-11-30 07:12:43,2020-11-30,2020-11-30-07-12-43
-999813,16,Billing Tariff,2020-11-30 07:12:43,2020-11-30,2020-11-30-07-12-43
-999813,21,Attribute 3,2020-11-30 07:12:43,2020-11-30,2020-11-30-07-12-43
-999813,24,Attribute 6,2020-11-30 07:12:43,2020-11-30,2020-11-30-07-12-43
-999812,3,Charge Start Date,2020-11-30 07:12:43,2020-11-30,2020-11-30-07-12-43
-999812,11,Product Package Instance,2020-11-30 07:12:43,2020-11-30,2020-11-30-07-12-43
-999812,13,Contract Ref,2020-11-30 07:12:43,2020-11-30,2020-11-30-07-12-43
-999812,20,Attribute 2,2020-11-30 07:12:43,2020-11-30,2020-11-30-07-12-43
-999812,23,Attribute 5,2020-11-30 07:12:43,2020-11-30,2020-11-30-07-12-43
-999811,4,Charge End Date,2020-11-30 07:12:43,2020-11-30,2020-11-30-07-12-43
-999811,10,Saving,2020-11-30 07:12:43,2020-11-30,2020-11-30-07-12-43
-999811,11,Product Package Instance,2020-11-30 07:12:43,2020-11-30,2020-11-30-07-12-43
-999811,23,Attribute 5,2020-11-30 07:12:43,2020-11-30,2020-11-30-07-12-43
-999810,3,Charge Start Date,2020-11-30 07:12:43,2020-11-30,2020-11-30-07-12-43
-999810,13,Contract Ref,2020-11-30 07:12:43,2020-11-30,2020-11-30-07-12-43
-999810,16,Billing Tariff,2020-11-30 07:12:43,2020-11-30,2020-11-30-07-12-43
-999810,20,Attribute 2,2020-11-30 07:12:43,2020-11-30,2020-11-30-07-12-43
-999810,24,Attribute 6,2020-11-30 07:12:43,2020-11-30,2020-11-30-07-12-43
-999809,9,Pre-Override Price,2020-11-30 07:12:43,2020-11-30,2020-11-30-07-12-43
-999809,10,Saving,2020-11-30 07:12:43,2020-11-30,2020-11-30-07-12-43
-999809,18,Product family,2020-11-30 07:12:43,2020-11-30,2020-11-30-07-12-43
-999809,25,Price before age-dependent modifier,2020-11-30 07:12:43,2020-11-30,2020-11-30-07-12-43
-999808,6,Product Charge Flag,2020-11-30 07:12:43,2020-11-30,2020-11-30-07-12-43
-999808,8,Unpackaged Price,2020-11-30 07:12:43,2020-11-30,2020-11-30-07-12-43
-999808,12,Package Id,2020-11-30 07:12:43,2020-11-30,2020-11-30-07-12-43
-999808,15,Contract Term Units,2020-11-30 07:12:43,2020-11-30,2020-11-30-07-12-43
-999808,16,Billing Tariff,2020-11-30 07:12:43,2020-11-30,2020-11-30-07-12-43
-999807,13,Contract Ref,2020-11-30 07:12:43,2020-11-30,2020-11-30-07-12-43
-999807,24,Attribute 6,2020-11-30 07:12:43,2020-11-30,2020-11-30-07-12-43
-999806,5,Product Age (months),2020-11-30 07:12:43,2020-11-30,2020-11-30-07-12-43
-999806,6,Product Charge Flag,2020-11-30 07:12:43,2020-11-30,2020-11-30-07-12-43
-999806,7,Percentage split of charge,2020-11-30 07:12:43,2020-11-30,2020-11-30-07-12-43
-999806,12,Package Id,2020-11-30 07:12:43,2020-11-30,2020-11-30-07-12-43
-999806,15,Contract Term Units,2020-11-30 07:12:43,2020-11-30,2020-11-30-07-12-43
-999805,1,Charge type,2020-11-30 07:12:43,2020-11-30,2020-11-30-07-12-43
-999805,2,Quantity,2020-11-30 07:12:43,2020-11-30,2020-11-30-07-12-43
-999805,7,Percentage split of charge,2020-11-30 07:12:43,2020-11-30,2020-11-30-07-12-43
-999805,11,Product Package Instance,2020-11-30 07:12:43,2020-11-30,2020-11-30-07-12-43
-999805,20,Attribute 2,2020-11-30 07:12:43,2020-11-30,2020-11-30-07-12-43
-999804,3,Charge Start Date,2020-11-30 07:12:43,2020-11-30,2020-11-30-07-12-43
-999804,5,Product Age (months),2020-11-30 07:12:43,2020-11-30,2020-11-30-07-12-43
-999804,7,Percentage split of charge,2020-11-30 07:12:43,2020-11-30,2020-11-30-07-12-43
-999804,9,Pre-Override Price,2020-11-30 07:12:43,2020-11-30,2020-11-30-07-12-43
-999804,11,Product Package Instance,2020-11-30 07:12:43,2020-11-30,2020-11-30-07-12-43
-999804,12,Package Id,2020-11-30 07:12:43,2020-11-30,2020-11-30-07-12-43
-999804,16,Billing Tariff,2020-11-30 07:12:43,2020-11-30,2020-11-30-07-12-43
-999804,25,Price before age-dependent modifier,2020-11-30 07:12:43,2020-11-30,2020-11-30-07-12-43
-999803,1,Charge type,2020-11-30 07:12:43,2020-11-30,2020-11-30-07-12-43
-999803,4,Charge End Date,2020-11-30 07:12:43,2020-11-30,2020-11-30-07-12-43
-999803,8,Unpackaged Price,2020-11-30 07:12:43,2020-11-30,2020-11-30-07-12-43
-999803,13,Contract Ref,2020-11-30 07:12:43,2020-11-30,2020-11-30-07-12-43
-999803,20,Attribute 2,2020-11-30 07:12:43,2020-11-30,2020-11-30-07-12-43
-999803,22,Attribute 4,2020-11-30 07:12:43,2020-11-30,2020-11-30-07-12-43
-999802,3,Charge Start Date,2020-11-30 07:12:43,2020-11-30,2020-11-30-07-12-43
-999802,9,Pre-Override Price,2020-11-30 07:12:43,2020-11-30,2020-11-30-07-12-43
-999802,10,Saving,2020-11-30 07:12:43,2020-11-30,2020-11-30-07-12-43
-999802,19,Attribute 1,2020-11-30 07:12:43,2020-11-30,2020-11-30-07-12-43
-999801,11,Product Package Instance,2020-11-30 07:12:43,2020-11-30,2020-11-30-07-12-43
-999801,12,Package Id,2020-11-30 07:12:43,2020-11-30,2020-11-30-07-12-43
-999801,15,Contract Term Units,2020-11-30 07:12:43,2020-11-30,2020-11-30-07-12-43
-999801,21,Attribute 3,2020-11-30 07:12:43,2020-11-30,2020-11-30-07-12-43
-999801,23,Attribute 5,2020-11-30 07:12:43,2020-11-30,2020-11-30-07-12-43
-999800,1,Charge type,2020-11-30 07:12:43,2020-11-30,2020-11-30-07-12-43
-999800,14,Contract Term,2020-11-30 07:12:43,2020-11-30,2020-11-30-07-12-43
-999800,15,Contract Term Units,2020-11-30 07:12:43,2020-11-30,2020-11-30-07-12-43
-999800,18,Product family,2020-11-30 07:12:43,2020-11-30,2020-11-30-07-12-43
-999800,20,Attribute 2,2020-11-30 07:12:43,2020-11-30,2020-11-30-07-12-43
-999800,24,Attribute 6,2020-11-30 07:12:43,2020-11-30,2020-11-30-07-12-43
-999799,13,Contract Ref,2020-11-30 07:12:43,2020-11-30,2020-11-30-07-12-43
-999799,18,Product family,2020-11-30 07:12:43,2020-11-30,2020-11-30-07-12-43
-999799,20,Attribute 2,2020-11-30 07:12:43,2020-11-30,2020-11-30-07-12-43
-999799,22,Attribute 4,2020-11-30 07:12:43,2020-11-30,2020-11-30-07-12-43
-999798,2,Quantity,2020-11-30 07:12:43,2020-11-30,2020-11-30-07-12-43
-999798,3,Charge Start Date,2020-11-30 07:12:43,2020-11-30,2020-11-30-07-12-43
-999798,7,Percentage split of charge,2020-11-30 07:12:43,2020-11-30,2020-11-30-07-12-43
-999798,9,Pre-Override Price,2020-11-30 07:12:43,2020-11-30,2020-11-30-07-12-43
-999798,15,Contract Term Units,2020-11-30 07:12:43,2020-11-30,2020-11-30-07-12-43
-999798,16,Billing Tariff,2020-11-30 07:12:43,2020-11-30,2020-11-30-07-12-43
-999797,10,Saving,2020-11-30 07:12:43,2020-11-30,2020-11-30-07-12-43
-999797,18,Product family,2020-11-30 07:12:43,2020-11-30,2020-11-30-07-12-43
-999796,13,Contract Ref,2020-11-30 07:12:43,2020-11-30,2020-11-30-07-12-43
-999796,15,Contract Term Units,2020-11-30 07:12:43,2020-11-30,2020-11-30-07-12-43
-999796,23,Attribute 5,2020-11-30 07:12:43,2020-11-30,2020-11-30-07-12-43
-999796,24,Attribute 6,2020-11-30 07:12:43,2020-11-30,2020-11-30-07-12-43
-999795,1,Charge type,2020-11-30 07:12:43,2020-11-30,2020-11-30-07-12-43
-999795,3,Charge Start Date,2020-11-30 07:12:43,2020-11-30,2020-11-30-07-12-43
-999795,11,Product Package Instance,2020-11-30 07:12:43,2020-11-30,2020-11-30-07-12-43
-999795,12,Package Id,2020-11-30 07:12:43,2020-11-30,2020-11-30-07-12-43
-999795,20,Attribute 2,2020-11-30 07:12:43,2020-11-30,2020-11-30-07-12-43
-999795,23,Attribute 5,2020-11-30 07:12:43,2020-11-30,2020-11-30-07-12-43
-999794,25,Price before age-dependent modifier,2020-11-30 07:12:43,2020-11-30,2020-11-30-07-12-43
-999793,5,Product Age (months),2020-11-30 07:12:43,2020-11-30,2020-11-30-07-12-43
-999793,7,Percentage split of charge,2020-11-30 07:12:43,2020-11-30,2020-11-30-07-12-43
-999793,13,Contract Ref,2020-11-30 07:12:43,2020-11-30,2020-11-30-07-12-43
-999793,19,Attribute 1,2020-11-30 07:12:43,2020-11-30,2020-11-30-07-12-43
-999793,20,Attribute 2,2020-11-30 07:12:43,2020-11-30,2020-11-30-07-12-43
-999793,23,Attribute 5,2020-11-30 07:12:43,2020-11-30,2020-11-30-07-12-43
-999792,8,Unpackaged Price,2020-11-30 07:12:43,2020-11-30,2020-11-30-07-12-43
-999792,21,Attribute 3,2020-11-30 07:12:43,2020-11-30,2020-11-30-07-12-43
-999791,3,Charge Start Date,2020-11-30 07:12:43,2020-11-30,2020-11-30-07-12-43
-999791,5,Product Age (months),2020-11-30 07:12:43,2020-11-30,2020-11-30-07-12-43
-999791,7,Percentage split of charge,2020-11-30 07:12:43,2020-11-30,2020-11-30-07-12-43
-999791,8,Unpackaged Price,2020-11-30 07:12:43,2020-11-30,2020-11-30-07-12-43
-999791,14,Contract Term,2020-11-30 07:12:43,2020-11-30,2020-11-30-07-12-43
-999790,4,Charge End Date,2020-11-30 07:12:43,2020-11-30,2020-11-30-07-12-43
-999790,14,Contract Term,2020-11-30 07:12:43,2020-11-30,2020-11-30-07-12-43
-999790,16,Billing Tariff,2020-11-30 07:12:43,2020-11-30,2020-11-30-07-12-43
-999789,14,Contract Term,2020-11-30 07:12:43,2020-11-30,2020-11-30-07-12-43
-999789,25,Price before age-dependent modifier,2020-11-30 07:12:43,2020-11-30,2020-11-30-07-12-43
-999788,7,Percentage split of charge,2020-11-30 07:12:43,2020-11-30,2020-11-30-07-12-43
-999788,9,Pre-Override Price,2020-11-30 07:12:43,2020-11-30,2020-11-30-07-12-43
-999788,12,Package Id,2020-11-30 07:12:43,2020-11-30,2020-11-30-07-12-43
-999788,14,Contract Term,2020-11-30 07:12:43,2020-11-30,2020-11-30-07-12-43
-999788,20,Attribute 2,2020-11-30 07:12:43,2020-11-30,2020-11-30-07-12-43
-999788,21,Attribute 3,2020-11-30 07:12:43,2020-11-30,2020-11-30-07-12-43
-999787,3,Charge Start Date,2020-11-30 07:12:43,2020-11-30,2020-11-30-07-12-43
-999787,11,Product Package Instance,2020-11-30 07:12:43,2020-11-30,2020-11-30-07-12-43
-999787,15,Contract Term Units,2020-11-30 07:12:43,2020-11-30,2020-11-30-07-12-43
-999787,21,Attribute 3,2020-11-30 07:12:43,2020-11-30,2020-11-30-07-12-43
-999787,23,Attribute 5,2020-11-30 07:12:43,2020-11-30,2020-11-30-07-12-43
-999786,8,Unpackaged Price,2020-11-30 07:12:43,2020-11-30,2020-11-30-07-12-43
-999786,9,Pre-Override Price,2020-11-30 07:12:43,2020-11-30,2020-11-30-07-12-43
-999786,10,Saving,2020-11-30 07:12:43,2020-11-30,2020-11-30-07-12-43
-999786,11,Product Package Instance,2020-11-30 07:12:43,2020-11-30,2020-11-30-07-12-43
-999786,13,Contract Ref,2020-11-30 07:12:43,2020-11-30,2020-11-30-07-12-43
-999786,15,Contract Term Units,2020-11-30 07:12:43,2020-11-30,2020-11-30-07-12-43
0,2,Effective plural name,2020-11-30 07:12:43,2020-11-30,2020-11-30-07-12-43
0,4,Charge end date,2020-11-30 07:12:43,2020-11-30,2020-11-30-07-12-43
0,6,Product charge flag,2020-11-30 07:12:43,2020-11-30,2020-11-30-07-12-43
0,10,Saving,2020-11-30 07:12:43,2020-11-30,2020-11-30-07-12-43
0,11,Product package instance,2020-11-30 07:12:43,2020-11-30,2020-11-30-07-12-43
0,13,Contract ref,2020-11-30 07:12:43,2020-11-30,2020-11-30-07-12-43
0,14,Contract term,2020-11-30 07:12:43,2020-11-30,2020-11-30-07-12-43
0,15,Contract term units,2020-11-30 07:12:43,2020-11-30,2020-11-30-07-12-43
0,22,Attribute 4,2020-11-30 07:12:43,2020-11-30,2020-11-30-07-12-43
0,23,Attribute 5,2020-11-30 07:12:43,2020-11-30,2020-11-30-07-12-43
0,26,Split Charge Amount Money,2020-11-30 07:12:43,2020-11-30,2020-11-30-07-12-43
1,2,Called number,2020-11-30 07:12:43,2020-11-30,2020-11-30-07-12-43
1,3,Duration,2020-11-30 07:12:43,2020-11-30,2020-11-30-07-12-43
1,5,Operator Code,2020-11-30 07:12:43,2020-11-30,2020-11-30-07-12-43
2,1,Calling Number,2020-11-30 07:12:43,2020-11-30,2020-11-30-07-12-43
2,9,Consumption type,2020-11-30 07:12:43,2020-11-30,2020-11-30-07-12-43
2,11,Actual available bucket,2020-11-30 07:12:43,2020-11-30,2020-11-30-07-12-43
2,12,Served IMSI,2020-11-30 07:12:43,2020-11-30,2020-11-30-07-12-43
3,12,Served IMSI,2020-11-30 07:12:43,2020-11-30,2020-11-30-07-12-43
4,4,Direction,2020-11-30 07:12:43,2020-11-30,2020-11-30-07-12-43
5,2,Called number,2020-11-30 07:12:43,2020-11-30,2020-11-30-07-12-43
5,3,Number of messages,2020-11-30 07:12:43,2020-11-30,2020-11-30-07-12-43
5,12,Terminating Zone,2020-11-30 07:12:43,2020-11-30,2020-11-30-07-12-43
6,3,Number of messages,2020-11-30 07:12:43,2020-11-30,2020-11-30-07-12-43
6,5,Terminating Country,2020-11-30 07:12:43,2020-11-30,2020-11-30-07-12-43
6,6,OCS Charged Amount,2020-11-30 07:12:43,2020-11-30,2020-11-30-07-12-43
7,8,Bucket Consumption amount,2020-11-30 07:12:43,2020-11-30,2020-11-30-07-12-43
7,11,Actual available bucket,2020-11-30 07:12:43,2020-11-30,2020-11-30-07-12-43
-999948,5,Product Age (months),2020-11-30 07:12:43,2020-11-30,2020-11-30-07-12-43
-999948,11,Product Package Instance,2020-11-30 07:12:43,2020-11-30,2020-11-30-07-12-43
-999948,15,Contract Term Units,2020-11-30 07:12:43,2020-11-30,2020-11-30-07-12-43
-999948,16,Billing Tariff,2020-11-30 07:12:43,2020-11-30,2020-11-30-07-12-43
-999948,21,Attribute3,2020-11-30 07:12:43,2020-11-30,2020-11-30-07-12-43
-999948,24,Attribute6,2020-11-30 07:12:43,2020-11-30,2020-11-30-07-12-43
-999947,8,Unpackaged Price,2020-11-30 07:12:43,2020-11-30,2020-11-30-07-12-43
-999947,9,Pre-Override Price,2020-11-30 07:12:43,2020-11-30,2020-11-30-07-12-43
-999947,11,Product Package Instance,2020-11-30 07:12:43,2020-11-30,2020-11-30-07-12-43
-999947,14,Contract Term,2020-11-30 07:12:43,2020-11-30,2020-11-30-07-12-43
-999947,15,Contract Term Units,2020-11-30 07:12:43,2020-11-30,2020-11-30-07-12-43
-999947,20,ALLOWANCE_MINS,2020-11-30 07:12:43,2020-11-30,2020-11-30-07-12-43
-999834,5,Associated Budget Centre Name,2020-11-30 07:12:43,2020-11-30,2020-11-30-07-12-43
-999834,6,One Time Charge Class,2020-11-30 07:12:43,2020-11-30,2020-11-30-07-12-43
-999834,16,OTC Attribute 7,2020-11-30 07:12:43,2020-11-30,2020-11-30-07-12-43
-999833,11,OTC Attribute 2,2020-11-30 07:12:43,2020-11-30,2020-11-30-07-12-43
-999833,14,OTC Attribute 5,2020-11-30 07:12:43,2020-11-30,2020-11-30-07-12-43
-999833,18,OTC Attribute 9,2020-11-30 07:12:43,2020-11-30,2020-11-30-07-12-43
-999832,2,OTC Type ID,2020-11-30 07:12:43,2020-11-30,2020-11-30-07-12-43
-999832,10,OTC Attribute 1,2020-11-30 07:12:43,2020-11-30,2020-11-30-07-12-43
-999832,13,OTC Attribute 4,2020-11-30 07:12:43,2020-11-30,2020-11-30-07-12-43
-999832,14,OTC Attribute 5,2020-11-30 07:12:43,2020-11-30,2020-11-30-07-12-43
-999832,19,OTC Attribute 10,2020-11-30 07:12:43,2020-11-30,2020-11-30-07-12-43
-999832,21,OTC Attribute 12,2020-11-30 07:12:43,2020-11-30,2020-11-30-07-12-43
-999832,23,OTC Attribute 14,2020-11-30 07:12:43,2020-11-30,2020-11-30-07-12-43
-999831,3,Real-Time Balance indicator,2020-11-30 07:12:43,2020-11-30,2020-11-30-07-12-43
-999831,18,OTC Attribute 9,2020-11-30 07:12:43,2020-11-30,2020-11-30-07-12-43
-999831,23,OTC Attribute 14,2020-11-30 07:12:43,2020-11-30,2020-11-30-07-12-43
-999830,3,Real-Time Balance indicator,2020-11-30 07:12:43,2020-11-30,2020-11-30-07-12-43
-999830,11,OTC Attribute 2,2020-11-30 07:12:43,2020-11-30,2020-11-30-07-12-43
-999830,17,OTC Attribute 8,2020-11-30 07:12:43,2020-11-30,2020-11-30-07-12-43
-999830,20,OTC Attribute 11,2020-11-30 07:12:43,2020-11-30,2020-11-30-07-12-43
-999830,22,OTC Attribute 13,2020-11-30 07:12:43,2020-11-30,2020-11-30-07-12-43
-999830,24,OTC Attribute 15,2020-11-30 07:12:43,2020-11-30,2020-11-30-07-12-43
-999829,6,One Time Charge Class,2020-11-30 07:12:43,2020-11-30,2020-11-30-07-12-43
-999829,10,OTC Attribute 1,2020-11-30 07:12:43,2020-11-30,2020-11-30-07-12-43
-999829,13,OTC Attribute 4,2020-11-30 07:12:43,2020-11-30,2020-11-30-07-12-43
-999829,14,OTC Attribute 5,2020-11-30 07:12:43,2020-11-30,2020-11-30-07-12-43
-999829,21,OTC Attribute 12,2020-11-30 07:12:43,2020-11-30,2020-11-30-07-12-43
-999828,1,OTC ID,2020-11-30 07:12:43,2020-11-30,2020-11-30-07-12-43
-999828,5,Associated Budget Centre Name,2020-11-30 07:12:43,2020-11-30,2020-11-30-07-12-43
-999828,12,OTC Attribute 3,2020-11-30 07:12:43,2020-11-30,2020-11-30-07-12-43
-999828,21,OTC Attribute 12,2020-11-30 07:12:43,2020-11-30,2020-11-30-07-12-43
-999828,24,OTC Attribute 15,2020-11-30 07:12:43,2020-11-30,2020-11-30-07-12-43
-999827,2,OTC Type ID,2020-11-30 07:12:43,2020-11-30,2020-11-30-07-12-43
-999827,12,OTC Attribute 3,2020-11-30 07:12:43,2020-11-30,2020-11-30-07-12-43
-999827,18,OTC Attribute 9,2020-11-30 07:12:43,2020-11-30,2020-11-30-07-12-43
-999826,10,OTC Attribute 1,2020-11-30 07:12:43,2020-11-30,2020-11-30-07-12-43
-999826,17,OTC Attribute 8,2020-11-30 07:12:43,2020-11-30,2020-11-30-07-12-43
-999825,5,Associated Budget Centre Name,2020-11-30 07:12:43,2020-11-30,2020-11-30-07-12-43
-999825,13,OTC Attribute 4,2020-11-30 07:12:43,2020-11-30,2020-11-30-07-12-43
-999825,21,OTC Attribute 12,2020-11-30 07:12:43,2020-11-30,2020-11-30-07-12-43
-999824,1,OTC ID,2020-11-30 07:12:43,2020-11-30,2020-11-30-07-12-43
-999824,4,Associated Subscription/Product ID,2020-11-30 07:12:43,2020-11-30,2020-11-30-07-12-43
-999824,6,One Time Charge Class,2020-11-30 07:12:43,2020-11-30,2020-11-30-07-12-43
-999824,13,OTC Attribute 4,2020-11-30 07:12:43,2020-11-30,2020-11-30-07-12-43
-999824,14,OTC Attribute 5,2020-11-30 07:12:43,2020-11-30,2020-11-30-07-12-43
-999824,23,OTC Attribute 14,2020-11-30 07:12:43,2020-11-30,2020-11-30-07-12-43
-999823,21,OTC Attribute 12,2020-11-30 07:12:43,2020-11-30,2020-11-30-07-12-43
-999822,2,OTC Type ID,2020-11-30 07:12:43,2020-11-30,2020-11-30-07-12-43
-999822,15,OTC Attribute 6,2020-11-30 07:12:43,2020-11-30,2020-11-30-07-12-43
-999822,20,OTC Attribute 11,2020-11-30 07:12:43,2020-11-30,2020-11-30-07-12-43
-999821,3,Real-Time Balance indicator,2020-11-30 07:12:43,2020-11-30,2020-11-30-07-12-43
-999820,2,OTC Type ID,2020-11-30 07:12:43,2020-11-30,2020-11-30-07-12-43
-999820,14,OTC Attribute 5,2020-11-30 07:12:43,2020-11-30,2020-11-30-07-12-43
-999820,15,OTC Attribute 6,2020-11-30 07:12:43,2020-11-30,2020-11-30-07-12-43
-999820,19,OTC Attribute 10,2020-11-30 07:12:43,2020-11-30,2020-11-30-07-12-43
-999820,20,OTC Attribute 11,2020-11-30 07:12:43,2020-11-30,2020-11-30-07-12-43
-999819,13,OTC Attribute 4,2020-11-30 07:12:43,2020-11-30,2020-11-30-07-12-43
-999819,14,OTC Attribute 5,2020-11-30 07:12:43,2020-11-30,2020-11-30-07-12-43
-999819,16,OTC Attribute 7,2020-11-30 07:12:43,2020-11-30,2020-11-30-07-12-43
-999819,19,OTC Attribute 10,2020-11-30 07:12:43,2020-11-30,2020-11-30-07-12-43
-999819,21,OTC Attribute 12,2020-11-30 07:12:43,2020-11-30,2020-11-30-07-12-43
-999819,22,OTC Attribute 13,2020-11-30 07:12:43,2020-11-30,2020-11-30-07-12-43
-999819,23,OTC Attribute 14,2020-11-30 07:12:43,2020-11-30,2020-11-30-07-12-43
-999818,3,Real-Time Balance indicator,2020-11-30 07:12:43,2020-11-30,2020-11-30-07-12-43
-999818,6,One Time Charge Class,2020-11-30 07:12:43,2020-11-30,2020-11-30-07-12-43
-999818,12,OTC Attribute 3,2020-11-30 07:12:43,2020-11-30,2020-11-30-07-12-43
-999818,13,OTC Attribute 4,2020-11-30 07:12:43,2020-11-30,2020-11-30-07-12-43
-999818,17,OTC Attribute 8,2020-11-30 07:12:43,2020-11-30,2020-11-30-07-12-43
-999818,18,OTC Attribute 9,2020-11-30 07:12:43,2020-11-30,2020-11-30-07-12-43
-999817,2,OTC Type ID,2020-11-30 07:12:43,2020-11-30,2020-11-30-07-12-43
-999817,11,OTC Attribute 2,2020-11-30 07:12:43,2020-11-30,2020-11-30-07-12-43
-999817,20,OTC Attribute 11,2020-11-30 07:12:43,2020-11-30,2020-11-30-07-12-43
-999816,6,One Time Charge Class,2020-11-30 07:12:43,2020-11-30,2020-11-30-07-12-43
-999816,13,OTC Attribute 4,2020-11-30 07:12:43,2020-11-30,2020-11-30-07-12-43
-999816,19,OTC Attribute 10,2020-11-30 07:12:43,2020-11-30,2020-11-30-07-12-43
-999816,24,OTC Attribute 15,2020-11-30 07:12:43,2020-11-30,2020-11-30-07-12-43
-999815,2,Quantity,2020-11-30 07:12:43,2020-11-30,2020-11-30-07-12-43
-999815,5,Product Age (months),2020-11-30 07:12:43,2020-11-30,2020-11-30-07-12-43
-999815,20,Attribute 2,2020-11-30 07:12:43,2020-11-30,2020-11-30-07-12-43
-999815,23,Attribute 5,2020-11-30 07:12:43,2020-11-30,2020-11-30-07-12-43
-999814,5,Product Age (months),2020-11-30 07:12:43,2020-11-30,2020-11-30-07-12-43
-999814,11,Product Package Instance,2020-11-30 07:12:43,2020-11-30,2020-11-30-07-12-43
-999814,14,Contract Term,2020-11-30 07:12:43,2020-11-30,2020-11-30-07-12-43
-999814,18,Product family,2020-11-30 07:12:43,2020-11-30,2020-11-30-07-12-43
-999813,8,Unpackaged Price,2020-11-30 07:12:43,2020-11-30,2020-11-30-07-12-43
-999813,10,Saving,2020-11-30 07:12:43,2020-11-30,2020-11-30-07-12-43
-999813,13,Contract Ref,2020-11-30 07:12:43,2020-11-30,2020-11-30-07-12-43
-999812,6,Product Charge Flag,2020-11-30 07:12:43,2020-11-30,2020-11-30-07-12-43
-999812,7,Percentage split of charge,2020-11-30 07:12:43,2020-11-30,2020-11-30-07-12-43
-999812,12,Package Id,2020-11-30 07:12:43,2020-11-30,2020-11-30-07-12-43
-999811,9,Pre-Override Price,2020-11-30 07:12:43,2020-11-30,2020-11-30-07-12-43
-999810,6,Product Charge Flag,2020-11-30 07:12:43,2020-11-30,2020-11-30-07-12-43
-999810,7,Percentage split of charge,2020-11-30 07:12:43,2020-11-30,2020-11-30-07-12-43
-999810,11,Product Package Instance,2020-11-30 07:12:43,2020-11-30,2020-11-30-07-12-43
-999810,21,Attribute 3,2020-11-30 07:12:43,2020-11-30,2020-11-30-07-12-43
-999810,22,Attribute 4,2020-11-30 07:12:43,2020-11-30,2020-11-30-07-12-43
-999810,25,Price before age-dependent modifier,2020-11-30 07:12:43,2020-11-30,2020-11-30-07-12-43
-999809,6,Product Charge Flag,2020-11-30 07:12:43,2020-11-30,2020-11-30-07-12-43
-999809,8,Unpackaged Price,2020-11-30 07:12:43,2020-11-30,2020-11-30-07-12-43
-999809,11,Product Package Instance,2020-11-30 07:12:43,2020-11-30,2020-11-30-07-12-43
-999809,14,Contract Term,2020-11-30 07:12:43,2020-11-30,2020-11-30-07-12-43
-999809,20,Attribute 2,2020-11-30 07:12:43,2020-11-30,2020-11-30-07-12-43
-999809,22,Attribute 4,2020-11-30 07:12:43,2020-11-30,2020-11-30-07-12-43
-999808,2,Quantity,2020-11-30 07:12:43,2020-11-30,2020-11-30-07-12-43
-999808,5,Product Age (months),2020-11-30 07:12:43,2020-11-30,2020-11-30-07-12-43
-999808,7,Percentage split of charge,2020-11-30 07:12:43,2020-11-30,2020-11-30-07-12-43
-999808,9,Pre-Override Price,2020-11-30 07:12:43,2020-11-30,2020-11-30-07-12-43
-999808,13,Contract Ref,2020-11-30 07:12:43,2020-11-30,2020-11-30-07-12-43
-999808,24,Attribute 6,2020-11-30 07:12:43,2020-11-30,2020-11-30-07-12-43
-999807,1,Charge type,2020-11-30 07:12:43,2020-11-30,2020-11-30-07-12-43
-999807,2,Quantity,2020-11-30 07:12:43,2020-11-30,2020-11-30-07-12-43
-999807,4,Charge End Date,2020-11-30 07:12:43,2020-11-30,2020-11-30-07-12-43
-999807,9,Pre-Override Price,2020-11-30 07:12:43,2020-11-30,2020-11-30-07-12-43
-999807,15,Contract Term Units,2020-11-30 07:12:43,2020-11-30,2020-11-30-07-12-43
-999807,16,Billing Tariff,2020-11-30 07:12:43,2020-11-30,2020-11-30-07-12-43
-999807,19,Attribute 1,2020-11-30 07:12:43,2020-11-30,2020-11-30-07-12-43
-999807,21,Attribute 3,2020-11-30 07:12:43,2020-11-30,2020-11-30-07-12-43
-999807,22,Attribute 4,2020-11-30 07:12:43,2020-11-30,2020-11-30-07-12-43
-999807,25,Price before age-dependent modifier,2020-11-30 07:12:43,2020-11-30,2020-11-30-07-12-43
-999806,2,Quantity,2020-11-30 07:12:43,2020-11-30,2020-11-30-07-12-43
-999806,4,Charge End Date,2020-11-30 07:12:43,2020-11-30,2020-11-30-07-12-43
-999806,18,Product family,2020-11-30 07:12:43,2020-11-30,2020-11-30-07-12-43
-999805,9,Pre-Override Price,2020-11-30 07:12:43,2020-11-30,2020-11-30-07-12-43
-999805,19,Attribute 1,2020-11-30 07:12:43,2020-11-30,2020-11-30-07-12-43
-999805,21,Attribute 3,2020-11-30 07:12:43,2020-11-30,2020-11-30-07-12-43
-999805,22,Attribute 4,2020-11-30 07:12:43,2020-11-30,2020-11-30-07-12-43
-999804,6,Product Charge Flag,2020-11-30 07:12:43,2020-11-30,2020-11-30-07-12-43
-999804,13,Contract Ref,2020-11-30 07:12:43,2020-11-30,2020-11-30-07-12-43
-999804,18,Product family,2020-11-30 07:12:43,2020-11-30,2020-11-30-07-12-43
-999804,24,Attribute 6,2020-11-30 07:12:43,2020-11-30,2020-11-30-07-12-43
-999803,3,Charge Start Date,2020-11-30 07:12:43,2020-11-30,2020-11-30-07-12-43
-999803,11,Product Package Instance,2020-11-30 07:12:43,2020-11-30,2020-11-30-07-12-43
-999803,25,Price before age-dependent modifier,2020-11-30 07:12:43,2020-11-30,2020-11-30-07-12-43
-999802,2,Quantity,2020-11-30 07:12:43,2020-11-30,2020-11-30-07-12-43
-999802,4,Charge End Date,2020-11-30 07:12:43,2020-11-30,2020-11-30-07-12-43
-999802,6,Product Charge Flag,2020-11-30 07:12:43,2020-11-30,2020-11-30-07-12-43
-999802,11,Product Package Instance,2020-11-30 07:12:43,2020-11-30,2020-11-30-07-12-43
-999802,12,Package Id,2020-11-30 07:12:43,2020-11-30,2020-11-30-07-12-43
-999802,14,Contract Term,2020-11-30 07:12:43,2020-11-30,2020-11-30-07-12-43
-999802,16,Billing Tariff,2020-11-30 07:12:43,2020-11-30,2020-11-30-07-12-43
-999802,18,Product family,2020-11-30 07:12:43,2020-11-30,2020-11-30-07-12-43
-999802,20,Attribute 2,2020-11-30 07:12:43,2020-11-30,2020-11-30-07-12-43
-999802,23,Attribute 5,2020-11-30 07:12:43,2020-11-30,2020-11-30-07-12-43
-999802,24,Attribute 6,2020-11-30 07:12:43,2020-11-30,2020-11-30-07-12-43
-999802,25,Price before age-dependent modifier,2020-11-30 07:12:43,2020-11-30,2020-11-30-07-12-43
-999801,1,Charge type,2020-11-30 07:12:43,2020-11-30,2020-11-30-07-12-43
-999801,16,Billing Tariff,2020-11-30 07:12:43,2020-11-30,2020-11-30-07-12-43
-999801,20,Attribute 2,2020-11-30 07:12:43,2020-11-30,2020-11-30-07-12-43
-999800,2,Quantity,2020-11-30 07:12:43,2020-11-30,2020-11-30-07-12-43
-999800,4,Charge End Date,2020-11-30 07:12:43,2020-11-30,2020-11-30-07-12-43
-999800,6,Product Charge Flag,2020-11-30 07:12:43,2020-11-30,2020-11-30-07-12-43
-999800,7,Percentage split of charge,2020-11-30 07:12:43,2020-11-30,2020-11-30-07-12-43
-999800,23,Attribute 5,2020-11-30 07:12:43,2020-11-30,2020-11-30-07-12-43
-999799,5,Product Age (months),2020-11-30 07:12:43,2020-11-30,2020-11-30-07-12-43
-999799,6,Product Charge Flag,2020-11-30 07:12:43,2020-11-30,2020-11-30-07-12-43
-999799,12,Package Id,2020-11-30 07:12:43,2020-11-30,2020-11-30-07-12-43
-999799,14,Contract Term,2020-11-30 07:12:43,2020-11-30,2020-11-30-07-12-43
-999799,15,Contract Term Units,2020-11-30 07:12:43,2020-11-30,2020-11-30-07-12-43
-999799,16,Billing Tariff,2020-11-30 07:12:43,2020-11-30,2020-11-30-07-12-43
-999799,19,Attribute 1,2020-11-30 07:12:43,2020-11-30,2020-11-30-07-12-43
-999798,6,Product Charge Flag,2020-11-30 07:12:43,2020-11-30,2020-11-30-07-12-43
-999798,14,Contract Term,2020-11-30 07:12:43,2020-11-30,2020-11-30-07-12-43
-999798,18,Product family,2020-11-30 07:12:43,2020-11-30,2020-11-30-07-12-43
-999798,21,Attribute 3,2020-11-30 07:12:43,2020-11-30,2020-11-30-07-12-43
-999798,22,Attribute 4,2020-11-30 07:12:43,2020-11-30,2020-11-30-07-12-43
-999797,1,Charge type,2020-11-30 07:12:43,2020-11-30,2020-11-30-07-12-43
-999797,5,Product Age (months),2020-11-30 07:12:43,2020-11-30,2020-11-30-07-12-43
-999797,16,Billing Tariff,2020-11-30 07:12:43,2020-11-30,2020-11-30-07-12-43
-999797,19,Attribute 1,2020-11-30 07:12:43,2020-11-30,2020-11-30-07-12-43
-999796,5,Product Age (months),2020-11-30 07:12:43,2020-11-30,2020-11-30-07-12-43
-999796,11,Product Package Instance,2020-11-30 07:12:43,2020-11-30,2020-11-30-07-12-43
-999796,18,Product family,2020-11-30 07:12:43,2020-11-30,2020-11-30-07-12-43
-999796,22,Attribute 4,2020-11-30 07:12:43,2020-11-30,2020-11-30-07-12-43
-999795,15,Contract Term Units,2020-11-30 07:12:43,2020-11-30,2020-11-30-07-12-43
-999795,18,Product family,2020-11-30 07:12:43,2020-11-30,2020-11-30-07-12-43
-999795,25,Price before age-dependent modifier,2020-11-30 07:12:43,2020-11-30,2020-11-30-07-12-43
-999794,2,Quantity,2020-11-30 07:12:43,2020-11-30,2020-11-30-07-12-43
-999794,5,Product Age (months),2020-11-30 07:12:43,2020-11-30,2020-11-30-07-12-43
-999794,10,Saving,2020-11-30 07:12:43,2020-11-30,2020-11-30-07-12-43
-999794,15,Contract Term Units,2020-11-30 07:12:43,2020-11-30,2020-11-30-07-12-43
-999794,18,Product family,2020-11-30 07:12:43,2020-11-30,2020-11-30-07-12-43
-999794,21,Attribute 3,2020-11-30 07:12:43,2020-11-30,2020-11-30-07-12-43
-999794,23,Attribute 5,2020-11-30 07:12:43,2020-11-30,2020-11-30-07-12-43
-999793,2,Quantity,2020-11-30 07:12:43,2020-11-30,2020-11-30-07-12-43
-999793,3,Charge Start Date,2020-11-30 07:12:43,2020-11-30,2020-11-30-07-12-43
-999793,9,Pre-Override Price,2020-11-30 07:12:43,2020-11-30,2020-11-30-07-12-43
-999793,10,Saving,2020-11-30 07:12:43,2020-11-30,2020-11-30-07-12-43
-999793,18,Product family,2020-11-30 07:12:43,2020-11-30,2020-11-30-07-12-43
-999792,1,Charge type,2020-11-30 07:12:43,2020-11-30,2020-11-30-07-12-43
-999792,2,Quantity,2020-11-30 07:12:43,2020-11-30,2020-11-30-07-12-43
-999792,3,Charge Start Date,2020-11-30 07:12:43,2020-11-30,2020-11-30-07-12-43
-999792,6,Product Charge Flag,2020-11-30 07:12:43,2020-11-30,2020-11-30-07-12-43
-999792,7,Percentage split of charge,2020-11-30 07:12:43,2020-11-30,2020-11-30-07-12-43
-999792,10,Saving,2020-11-30 07:12:43,2020-11-30,2020-11-30-07-12-43
-999792,11,Product Package Instance,2020-11-30 07:12:43,2020-11-30,2020-11-30-07-12-43
-999792,16,Billing Tariff,2020-11-30 07:12:43,2020-11-30,2020-11-30-07-12-43
-999792,18,Product family,2020-11-30 07:12:43,2020-11-30,2020-11-30-07-12-43
-999792,25,Price before age-dependent modifier,2020-11-30 07:12:43,2020-11-30,2020-11-30-07-12-43
-999791,2,Quantity,2020-11-30 07:12:43,2020-11-30,2020-11-30-07-12-43
-999791,4,Charge End Date,2020-11-30 07:12:43,2020-11-30,2020-11-30-07-12-43
-999791,13,Contract Ref,2020-11-30 07:12:43,2020-11-30,2020-11-30-07-12-43
-999791,19,Attribute 1,2020-11-30 07:12:43,2020-11-30,2020-11-30-07-12-43
-999791,24,Attribute 6,2020-11-30 07:12:43,2020-11-30,2020-11-30-07-12-43
-999791,25,Price before age-dependent modifier,2020-11-30 07:12:43,2020-11-30,2020-11-30-07-12-43
-999790,5,Product Age (months),2020-11-30 07:12:43,2020-11-30,2020-11-30-07-12-43
-999790,7,Percentage split of charge,2020-11-30 07:12:43,2020-11-30,2020-11-30-07-12-43
-999790,15,Contract Term Units,2020-11-30 07:12:43,2020-11-30,2020-11-30-07-12-43
-999790,21,Attribute 3,2020-11-30 07:12:43,2020-11-30,2020-11-30-07-12-43
-999790,22,Attribute 4,2020-11-30 07:12:43,2020-11-30,2020-11-30-07-12-43
-999790,24,Attribute 6,2020-11-30 07:12:43,2020-11-30,2020-11-30-07-12-43
-999789,4,Charge End Date,2020-11-30 07:12:43,2020-11-30,2020-11-30-07-12-43
-999789,7,Percentage split of charge,2020-11-30 07:12:43,2020-11-30,2020-11-30-07-12-43
-999789,9,Pre-Override Price,2020-11-30 07:12:43,2020-11-30,2020-11-30-07-12-43
-999789,10,Saving,2020-11-30 07:12:43,2020-11-30,2020-11-30-07-12-43
-999789,12,Package Id,2020-11-30 07:12:43,2020-11-30,2020-11-30-07-12-43
-999789,15,Contract Term Units,2020-11-30 07:12:43,2020-11-30,2020-11-30-07-12-43
-999789,21,Attribute 3,2020-11-30 07:12:43,2020-11-30,2020-11-30-07-12-43
-999788,4,Charge End Date,2020-11-30 07:12:43,2020-11-30,2020-11-30-07-12-43
-999788,5,Product Age (months),2020-11-30 07:12:43,2020-11-30,2020-11-30-07-12-43
-999788,15,Contract Term Units,2020-11-30 07:12:43,2020-11-30,2020-11-30-07-12-43
-999788,19,Attribute 1,2020-11-30 07:12:43,2020-11-30,2020-11-30-07-12-43
-999787,6,Product Charge Flag,2020-11-30 07:12:43,2020-11-30,2020-11-30-07-12-43
-999787,7,Percentage split of charge,2020-11-30 07:12:43,2020-11-30,2020-11-30-07-12-43
-999787,8,Unpackaged Price,2020-11-30 07:12:43,2020-11-30,2020-11-30-07-12-43
-999787,9,Pre-Override Price,2020-11-30 07:12:43,2020-11-30,2020-11-30-07-12-43
-999787,20,Attribute 2,2020-11-30 07:12:43,2020-11-30,2020-11-30-07-12-43
-999786,6,Product Charge Flag,2020-11-30 07:12:43,2020-11-30,2020-11-30-07-12-43
-999786,20,Attribute 2,2020-11-30 07:12:43,2020-11-30,2020-11-30-07-12-43
-999786,22,Attribute 4,2020-11-30 07:12:43,2020-11-30,2020-11-30-07-12-43
-999786,25,Price before age-dependent modifier,2020-11-30 07:12:43,2020-11-30,2020-11-30-07-12-43
0,21,Attribute 3,2020-11-30 07:12:43,2020-11-30,2020-11-30-07-12-43
0,24,Attribute 6,2020-11-30 07:12:43,2020-11-30,2020-11-30-07-12-43
1,4,Direction,2020-11-30 07:12:43,2020-11-30,2020-11-30-07-12-43
1,8,Bucket Consumption amount,2020-11-30 07:12:43,2020-11-30,2020-11-30-07-12-43
1,9,Consumption type,2020-11-30 07:12:43,2020-11-30,2020-11-30-07-12-43
1,11,Actual available bucket,2020-11-30 07:12:43,2020-11-30,2020-11-30-07-12-43
2,3,Duration,2020-11-30 07:12:43,2020-11-30,2020-11-30-07-12-43
3,1,Calling Number,2020-11-30 07:12:43,2020-11-30,2020-11-30-07-12-43
3,3,Duration,2020-11-30 07:12:43,2020-11-30,2020-11-30-07-12-43
3,4,Direction,2020-11-30 07:12:43,2020-11-30,2020-11-30-07-12-43
3,5,Terminating Country,2020-11-30 07:12:43,2020-11-30,2020-11-30-07-12-43
3,9,Consumption type,2020-11-30 07:12:43,2020-11-30,2020-11-30-07-12-43
3,11,Actual available bucket,2020-11-30 07:12:43,2020-11-30,2020-11-30-07-12-43
3,13,Terminating Zone,2020-11-30 07:12:43,2020-11-30,2020-11-30-07-12-43
3,15,Originating Zone,2020-11-30 07:12:43,2020-11-30,2020-11-30-07-12-43
4,2,Called number,2020-11-30 07:12:43,2020-11-30,2020-11-30-07-12-43
4,3,Number of messages,2020-11-30 07:12:43,2020-11-30,2020-11-30-07-12-43
5,1,Calling Number,2020-11-30 07:12:43,2020-11-30,2020-11-30-07-12-43
5,6,OCS Charged Amount,2020-11-30 07:12:43,2020-11-30,2020-11-30-07-12-43
5,9,Consumption type,2020-11-30 07:12:43,2020-11-30,2020-11-30-07-12-43
6,4,Direction,2020-11-30 07:12:43,2020-11-30,2020-11-30-07-12-43
7,2,Upload volume,2020-11-30 07:12:43,2020-11-30,2020-11-30-07-12-43
8,4,Total Volume,2020-11-30 07:12:43,2020-11-30,2020-11-30-07-12-43
8,6,OCS Charged Amount,2020-11-30 07:12:43,2020-11-30,2020-11-30-07-12-43
8,14,Roaming Zone,2020-11-30 07:12:43,2020-11-30,2020-11-30-07-12-43
